antecedent,consequent,support,confidence,lift,count
"DO_bor=Queens, PU_bor=Manhattan",DO=LaGuardia Airport,0.0134,0.38,25.37,5317
"DO_bor=Manhattan, PU_bor=Queens, rush=yes",PU=LaGuardia Airport,0.0058,0.463,18.25,2313
"DO_bor=Manhattan, PU_bor=Queens",PU=LaGuardia Airport,0.0179,0.436,17.2,7116
"DO=LaGuardia Airport, PU_bor=Manhattan",DO_bor=Queens,0.0134,1.0,16.84,5317
"DO=JFK Airport, PU_bor=Manhattan",DO_bor=Queens,0.0084,1.0,16.84,3325
DO=JFK Airport,DO_bor=Queens,0.0102,1.0,16.84,4074
DO=LaGuardia Airport,DO_bor=Queens,0.015,1.0,16.84,5965
"DO_bor=Brooklyn, PU_bor=Queens",PU=JFK Airport,0.008,0.621,15.94,3180
"DO_bor=Queens, PU_bor=Queens",PU=JFK Airport,0.0126,0.579,14.87,5036
"PU_bor=Queens, rush=yes",PU=LaGuardia Airport,0.0081,0.375,14.8,3207
"PU_bor=Queens, weekend=yes",PU=JFK Airport,0.0095,0.517,13.28,3765
PU_bor=Queens,PU=LaGuardia Airport,0.0253,0.323,12.75,10090
PU=JFK Airport,PU_bor=Queens,0.039,1.0,12.75,15509
PU=LaGuardia Airport,PU_bor=Queens,0.0253,1.0,12.75,10090
"DO_bor=Manhattan, PU=JFK Airport",PU_bor=Queens,0.0169,1.0,12.75,6747
"PU=JFK Airport, rush=yes",PU_bor=Queens,0.01,1.0,12.75,3972
"DO_bor=Brooklyn, PU=JFK Airport",PU_bor=Queens,0.008,1.0,12.75,3180
"PU=JFK Airport, weekend=yes",PU_bor=Queens,0.0095,1.0,12.75,3765
"DO_bor=Manhattan, PU=LaGuardia Airport",PU_bor=Queens,0.0179,1.0,12.75,7116
"DO_bor=Manhattan, PU=LaGuardia Airport, rush=yes",PU_bor=Queens,0.0058,1.0,12.75,2313
"PU=LaGuardia Airport, weekend=yes",PU_bor=Queens,0.0054,1.0,12.75,2149
"PU=LaGuardia Airport, rush=yes",PU_bor=Queens,0.0081,1.0,12.75,3207
"DO_bor=Queens, PU=JFK Airport",PU_bor=Queens,0.0126,1.0,12.75,5036
PU_bor=Queens,PU=JFK Airport,0.039,0.497,12.75,15509
"DO_bor=Manhattan, PU=JFK Airport, rush=yes",PU_bor=Queens,0.005,1.0,12.75,1996
"PU_bor=Queens, rush=yes",PU=JFK Airport,0.01,0.465,11.93,3972
PU_bor=Brooklyn,DO_bor=Brooklyn,0.0062,0.473,11.35,2469
"DO_bor=Manhattan, PU_bor=Queens",PU=JFK Airport,0.0169,0.413,10.61,6747
"DO_bor=Manhattan, PU_bor=Queens, rush=yes",PU=JFK Airport,0.005,0.399,10.25,1996
"PU=JFK Airport, PU_bor=Queens",DO_bor=Queens,0.0126,0.325,5.47,5036
PU=JFK Airport,DO_bor=Queens,0.0126,0.325,5.47,5036
"DO_bor=Queens, rush=yes",PU_bor=Queens,0.0051,0.415,5.29,2029
"PU_bor=Queens, weekend=yes",DO_bor=Queens,0.0056,0.306,5.16,2229
DO_bor=Queens,PU_bor=Queens,0.0218,0.368,4.69,8694
"DO_bor=Queens, weekend=yes",PU_bor=Queens,0.0056,0.344,4.39,2229
DO_bor=Brooklyn,PU_bor=Queens,0.0129,0.308,3.93,5122
"DO_bor=Manhattan, PU=Lower East Side, PU_bor=Manhattan",weekend=yes,0.0108,0.67,2.32,4302
"DO_bor=Manhattan, PU=Lower East Side",weekend=yes,0.0108,0.67,2.32,4302
PU=Lower East Side,weekend=yes,0.012,0.654,2.26,4793
"PU=Lower East Side, PU_bor=Manhattan",weekend=yes,0.012,0.654,2.26,4793
"DO_bor=Manhattan, PU=Greenwich Village South, PU_bor=Manhattan",weekend=yes,0.0103,0.582,2.01,4087
"DO_bor=Manhattan, PU=Greenwich Village South",weekend=yes,0.0103,0.582,2.01,4087
"PU=Greenwich Village South, PU_bor=Manhattan",weekend=yes,0.011,0.575,1.99,4378
PU=Greenwich Village South,weekend=yes,0.011,0.575,1.99,4378
"DO_bor=Manhattan, PU=Little Italy/NoLiTa",weekend=yes,0.0061,0.567,1.96,2445
"DO_bor=Manhattan, PU=Little Italy/NoLiTa, PU_bor=Manhattan",weekend=yes,0.0061,0.567,1.96,2445
PU=Little Italy/NoLiTa,weekend=yes,0.0067,0.563,1.95,2658
"PU=Little Italy/NoLiTa, PU_bor=Manhattan",weekend=yes,0.0067,0.563,1.95,2658
"DO_bor=Manhattan, PU=East Village, PU_bor=Manhattan",weekend=yes,0.0169,0.548,1.89,6728
"DO_bor=Manhattan, PU=East Village",weekend=yes,0.0169,0.548,1.89,6728
PU=East Village,weekend=yes,0.0183,0.542,1.87,7278
"PU=East Village, PU_bor=Manhattan",weekend=yes,0.0183,0.542,1.87,7278
"DO_bor=Manhattan, PU=West Village",weekend=yes,0.013,0.483,1.67,5179
PU=West Village,weekend=yes,0.014,0.482,1.67,5562
"PU=West Village, PU_bor=Manhattan",weekend=yes,0.014,0.482,1.67,5562
"DO_bor=Manhattan, PU=West Village, PU_bor=Manhattan",weekend=yes,0.013,0.483,1.67,5179
"DO=East Village, PU_bor=Manhattan",weekend=yes,0.0103,0.48,1.66,4121
"DO=East Village, DO_bor=Manhattan, PU_bor=Manhattan",weekend=yes,0.0103,0.48,1.66,4121
"DO=East Village, DO_bor=Manhattan",weekend=yes,0.0107,0.467,1.62,4249
DO=East Village,weekend=yes,0.0107,0.467,1.62,4249
"DO=West Village, DO_bor=Manhattan, PU_bor=Manhattan",weekend=yes,0.0074,0.434,1.5,2934
"DO=West Village, PU_bor=Manhattan",weekend=yes,0.0074,0.434,1.5,2934
DO=West Village,weekend=yes,0.0075,0.429,1.48,2982
"DO=West Village, DO_bor=Manhattan",weekend=yes,0.0075,0.429,1.48,2982
"DO_bor=Manhattan, PU=Yorkville East",rush=yes,0.0059,0.425,1.45,2365
"DO_bor=Manhattan, PU=Yorkville East, PU_bor=Manhattan",rush=yes,0.0059,0.425,1.45,2365
"DO_bor=Manhattan, PU=Upper East Side North, PU_bor=Manhattan",rush=yes,0.0163,0.418,1.43,6481
"DO_bor=Manhattan, PU=Upper East Side North",rush=yes,0.0163,0.418,1.43,6481
"PU=Yorkville East, PU_bor=Manhattan",rush=yes,0.0062,0.413,1.41,2453
PU=Yorkville East,rush=yes,0.0062,0.413,1.41,2453
PU=Upper East Side North,rush=yes,0.0166,0.414,1.41,6626
"PU=Upper East Side North, PU_bor=Manhattan",rush=yes,0.0166,0.414,1.41,6626
"DO_bor=Manhattan, PU=Lenox Hill East, PU_bor=Manhattan",rush=yes,0.0078,0.41,1.4,3094
"DO_bor=Manhattan, PU=Lenox Hill East",rush=yes,0.0078,0.41,1.4,3094
"DO=Flatiron, DO_bor=Manhattan, PU_bor=Manhattan",weekend=yes,0.0059,0.401,1.39,2353
"DO=Flatiron, PU_bor=Manhattan",weekend=yes,0.0059,0.401,1.39,2353
PU=Lenox Hill East,rush=yes,0.0081,0.401,1.37,3221
"PU=Lenox Hill East, PU_bor=Manhattan",rush=yes,0.0081,0.401,1.37,3221
"DO_bor=Manhattan, PU=Upper West Side North",rush=yes,0.0077,0.403,1.37,3059
"DO_bor=Manhattan, PU=Upper West Side North, PU_bor=Manhattan",rush=yes,0.0077,0.403,1.37,3059
"DO=Midtown Center, DO_bor=Manhattan, PU_bor=Manhattan",rush=yes,0.0142,0.4,1.36,5665
"DO=Midtown Center, PU_bor=Manhattan",rush=yes,0.0142,0.4,1.36,5665
"DO=Midtown Center, DO_bor=Manhattan",rush=yes,0.0149,0.395,1.35,5945
"DO=Flatiron, DO_bor=Manhattan",weekend=yes,0.0061,0.391,1.35,2440
PU=Upper West Side North,rush=yes,0.0079,0.396,1.35,3131
DO=Midtown Center,rush=yes,0.0149,0.395,1.35,5945
DO=Flatiron,weekend=yes,0.0061,0.391,1.35,2440
"PU=Upper West Side North, PU_bor=Manhattan",rush=yes,0.0079,0.396,1.35,3131
"PU=West Chelsea/Hudson Yards, PU_bor=Manhattan",weekend=yes,0.007,0.386,1.34,2773
PU=West Chelsea/Hudson Yards,weekend=yes,0.007,0.386,1.34,2773
"DO_bor=Manhattan, PU=West Chelsea/Hudson Yards",weekend=yes,0.0066,0.386,1.33,2619
"DO_bor=Manhattan, PU=West Chelsea/Hudson Yards, PU_bor=Manhattan",weekend=yes,0.0066,0.386,1.33,2619
"DO_bor=Manhattan, PU=Midtown East",rush=yes,0.0118,0.382,1.3,4690
"DO_bor=Manhattan, PU=Midtown East, PU_bor=Manhattan",rush=yes,0.0118,0.382,1.3,4690
"DO=Midtown East, DO_bor=Manhattan, PU_bor=Manhattan",rush=yes,0.0102,0.379,1.29,4068
"DO=Midtown East, PU_bor=Manhattan",rush=yes,0.0102,0.379,1.29,4068
"DO=Midtown East, DO_bor=Manhattan",rush=yes,0.0108,0.376,1.28,4309
DO=Midtown East,rush=yes,0.0108,0.376,1.28,4309
"DO_bor=Manhattan, PU=Upper East Side South, PU_bor=Manhattan",rush=yes,0.0147,0.372,1.27,5836
"DO_bor=Manhattan, PU=Upper West Side South, PU_bor=Manhattan",rush=yes,0.0098,0.371,1.27,3903
"DO_bor=Manhattan, PU=Upper East Side South",rush=yes,0.0147,0.372,1.27,5836
"DO_bor=Manhattan, PU=Upper West Side South",rush=yes,0.0098,0.371,1.27,3903
"DO=Gramercy, DO_bor=Manhattan, PU_bor=Manhattan",weekend=yes,0.0072,0.364,1.26,2870
PU=Midtown East,rush=yes,0.0124,0.37,1.26,4918
"PU=Midtown East, PU_bor=Manhattan",rush=yes,0.0124,0.37,1.26,4918
"PU=Greenwich Village North, PU_bor=Manhattan",weekend=yes,0.0051,0.364,1.26,2016
"DO=Gramercy, PU_bor=Manhattan",weekend=yes,0.0072,0.364,1.26,2870
PU=Greenwich Village North,weekend=yes,0.0051,0.364,1.26,2016
"PU=Upper East Side South, PU_bor=Manhattan",rush=yes,0.015,0.368,1.25,5990
PU=Upper East Side South,rush=yes,0.015,0.368,1.25,5990
"DO=Upper East Side South, DO_bor=Manhattan, PU_bor=Manhattan",rush=yes,0.0134,0.366,1.25,5340
"PU=Upper West Side South, PU_bor=Manhattan",rush=yes,0.01,0.367,1.25,3983
PU=Upper West Side South,rush=yes,0.01,0.367,1.25,3983
"DO=Upper East Side South, PU_bor=Manhattan",rush=yes,0.0134,0.366,1.25,5340
"DO=Upper East Side South, DO_bor=Manhattan",rush=yes,0.0137,0.365,1.25,5474
DO=Upper East Side South,rush=yes,0.0137,0.365,1.25,5474
"DO_bor=Manhattan, PU=Midtown Center, PU_bor=Manhattan",rush=yes,0.0134,0.363,1.24,5337
"DO_bor=Manhattan, PU=Midtown Center",rush=yes,0.0134,0.363,1.24,5337
"DO=Upper East Side North, DO_bor=Manhattan",rush=yes,0.0149,0.363,1.24,5924
"DO=Clinton East, PU_bor=Manhattan",weekend=yes,0.0086,0.359,1.24,3428
"DO=Clinton East, DO_bor=Manhattan, PU_bor=Manhattan",weekend=yes,0.0086,0.359,1.24,3428
"DO=Upper East Side North, DO_bor=Manhattan, PU_bor=Manhattan",rush=yes,0.0145,0.365,1.24,5781
DO=Upper East Side North,rush=yes,0.0149,0.363,1.24,5924
"DO=Upper East Side North, PU_bor=Manhattan",rush=yes,0.0145,0.365,1.24,5781
DO=Gramercy,weekend=yes,0.0075,0.355,1.23,2982
"DO=Gramercy, DO_bor=Manhattan",weekend=yes,0.0075,0.355,1.23,2982
"DO_bor=Brooklyn, PU_bor=Manhattan",weekend=yes,0.0079,0.353,1.22,3130
"DO=Lincoln Square East, DO_bor=Manhattan, PU_bor=Manhattan",rush=yes,0.0093,0.354,1.21,3701
"DO=Lincoln Square East, PU_bor=Manhattan",rush=yes,0.0093,0.354,1.21,3701
"DO=West Chelsea/Hudson Yards, PU_bor=Manhattan",rush=yes,0.0069,0.354,1.21,2746
"DO=Clinton East, DO_bor=Manhattan",weekend=yes,0.009,0.35,1.21,3590
"DO=West Chelsea/Hudson Yards, DO_bor=Manhattan, PU_bor=Manhattan",rush=yes,0.0069,0.354,1.21,2746
DO=Clinton East,weekend=yes,0.009,0.35,1.21,3590
"DO=Midtown North, DO_bor=Manhattan, PU_bor=Manhattan",rush=yes,0.0078,0.355,1.21,3115
"DO=Midtown North, PU_bor=Manhattan",rush=yes,0.0078,0.355,1.21,3115
"DO=West Chelsea/Hudson Yards, DO_bor=Manhattan",rush=yes,0.007,0.352,1.2,2804
DO=West Chelsea/Hudson Yards,rush=yes,0.007,0.352,1.2,2804
"PU=Midtown Center, PU_bor=Manhattan",rush=yes,0.0142,0.352,1.2,5641
"DO_bor=Manhattan, PU=Lenox Hill West",rush=yes,0.008,0.352,1.2,3180
"DO_bor=Manhattan, PU=Lenox Hill West, PU_bor=Manhattan",rush=yes,0.008,0.352,1.2,3180
PU=Midtown Center,rush=yes,0.0142,0.352,1.2,5641
DO=Midtown North,rush=yes,0.0082,0.348,1.19,3265
"DO=Midtown North, DO_bor=Manhattan",rush=yes,0.0082,0.348,1.19,3265
DO=Lincoln Square East,rush=yes,0.0095,0.349,1.19,3789
"DO=Union Sq, PU_bor=Manhattan",rush=yes,0.0074,0.347,1.19,2930
"DO=Union Sq, DO_bor=Manhattan, PU_bor=Manhattan",rush=yes,0.0074,0.347,1.19,2930
"DO=Lincoln Square East, DO_bor=Manhattan",rush=yes,0.0095,0.349,1.19,3789
DO=Union Sq,rush=yes,0.0077,0.347,1.18,3063
"DO=Union Sq, DO_bor=Manhattan",rush=yes,0.0077,0.347,1.18,3063
"DO_bor=Manhattan, PU=Murray Hill",rush=yes,0.0083,0.343,1.17,3306
"PU=Lenox Hill West, PU_bor=Manhattan",rush=yes,0.0083,0.343,1.17,3299
"DO_bor=Manhattan, PU=Murray Hill, PU_bor=Manhattan",rush=yes,0.0083,0.343,1.17,3306
PU=Lenox Hill West,rush=yes,0.0083,0.343,1.17,3299
"DO_bor=Manhattan, PU=Flatiron",weekend=yes,0.0052,0.335,1.16,2060
"DO_bor=Manhattan, PU=Sutton Place/Turtle Bay North",rush=yes,0.0058,0.341,1.16,2301
"DO_bor=Manhattan, PU=Flatiron, PU_bor=Manhattan",weekend=yes,0.0052,0.335,1.16,2060
"DO_bor=Manhattan, PU=Sutton Place/Turtle Bay North, PU_bor=Manhattan",rush=yes,0.0058,0.341,1.16,2301
"DO_bor=Manhattan, PU=Lincoln Square East, PU_bor=Manhattan",rush=yes,0.01,0.341,1.16,3984
"DO_bor=Manhattan, PU=Lincoln Square East",rush=yes,0.01,0.341,1.16,3984
"DO=West Chelsea/Hudson Yards, DO_bor=Manhattan, PU_bor=Manhattan",weekend=yes,0.0065,0.333,1.15,2580
"DO=West Chelsea/Hudson Yards, DO_bor=Manhattan",weekend=yes,0.0066,0.332,1.15,2645
"DO=West Chelsea/Hudson Yards, PU_bor=Manhattan",weekend=yes,0.0065,0.333,1.15,2580
DO=Lenox Hill East,rush=yes,0.0077,0.336,1.15,3060
"PU=Flatiron, PU_bor=Manhattan",weekend=yes,0.0055,0.333,1.15,2201
"DO=Lenox Hill East, PU_bor=Manhattan",rush=yes,0.0074,0.338,1.15,2955
"DO=East Chelsea, DO_bor=Manhattan, PU_bor=Manhattan",weekend=yes,0.0083,0.333,1.15,3291
"DO=Lenox Hill East, DO_bor=Manhattan, PU_bor=Manhattan",rush=yes,0.0074,0.338,1.15,2955
"DO=East Chelsea, PU_bor=Manhattan",weekend=yes,0.0083,0.333,1.15,3291
"DO=Lenox Hill East, DO_bor=Manhattan",rush=yes,0.0077,0.336,1.15,3060
DO=West Chelsea/Hudson Yards,weekend=yes,0.0066,0.332,1.15,2645
PU=Flatiron,weekend=yes,0.0055,0.333,1.15,2201
DO=Times Sq/Theatre District,rush=yes,0.0098,0.333,1.14,3911
"PU=Lincoln Square East, PU_bor=Manhattan",rush=yes,0.0103,0.335,1.14,4100
"DO=Times Sq/Theatre District, DO_bor=Manhattan",rush=yes,0.0098,0.333,1.14,3911
"DO=Times Sq/Theatre District, PU_bor=Manhattan",rush=yes,0.0086,0.333,1.14,3419
"DO=Times Sq/Theatre District, DO_bor=Manhattan, PU_bor=Manhattan",rush=yes,0.0086,0.333,1.14,3419
PU=Lincoln Square East,rush=yes,0.0103,0.335,1.14,4100
"DO=East Chelsea, rush=yes",DO_bor=Manhattan,0.0075,1.0,1.13,2981
"DO=Lenox Hill West, rush=yes",DO_bor=Manhattan,0.0081,1.0,1.13,3226
"DO=Upper East Side South, weekend=yes",DO_bor=Manhattan,0.0078,1.0,1.13,3100
"DO=West Village, PU_bor=Manhattan",DO_bor=Manhattan,0.017,1.0,1.13,6767
"DO=West Village, weekend=yes",DO_bor=Manhattan,0.0075,1.0,1.13,2982
"DO=Clinton East, weekend=yes",DO_bor=Manhattan,0.009,1.0,1.13,3590
"DO=Upper West Side North, weekend=yes",DO_bor=Manhattan,0.0059,1.0,1.13,2346
"DO=West Chelsea/Hudson Yards, PU_bor=Manhattan",DO_bor=Manhattan,0.0195,1.0,1.13,7752
"DO=Manhattan Valley, PU_bor=Manhattan",DO_bor=Manhattan,0.0081,1.0,1.13,3236
"DO=Times Sq/Theatre District, weekend=yes",DO_bor=Manhattan,0.0075,1.0,1.13,2968
"DO=Midtown South, PU_bor=Manhattan",DO_bor=Manhattan,0.018,1.0,1.13,7159
"DO=Union Sq, rush=yes",DO_bor=Manhattan,0.0077,1.0,1.13,3063
"DO=Flatiron, weekend=yes",DO_bor=Manhattan,0.0061,1.0,1.13,2440
"DO=Union Sq, PU_bor=Manhattan",DO_bor=Manhattan,0.0212,1.0,1.13,8432
"DO=Lincoln Square East, PU_bor=Manhattan",DO_bor=Manhattan,0.0263,1.0,1.13,10460
"DO=Lincoln Square East, weekend=yes",DO_bor=Manhattan,0.0079,1.0,1.13,3144
"DO=Union Sq, weekend=yes",DO_bor=Manhattan,0.006,1.0,1.13,2379
"DO=Yorkville West, weekend=yes",DO_bor=Manhattan,0.0068,1.0,1.13,2712
"DO=Midtown East, PU_bor=Manhattan",DO_bor=Manhattan,0.027,1.0,1.13,10739
"DO=Times Sq/Theatre District, PU_bor=Manhattan",DO_bor=Manhattan,0.0258,1.0,1.13,10258
"DO=Greenwich Village North, PU_bor=Manhattan",DO_bor=Manhattan,0.0115,1.0,1.13,4563
"DO=Kips Bay, PU_bor=Manhattan",DO_bor=Manhattan,0.0156,1.0,1.13,6229
"DO=Lincoln Square West, PU_bor=Manhattan",DO_bor=Manhattan,0.0145,1.0,1.13,5776
"DO=Kips Bay, weekend=yes",DO_bor=Manhattan,0.0051,1.0,1.13,2020
"DO=East Harlem South, PU_bor=Manhattan",DO_bor=Manhattan,0.0129,1.0,1.13,5155
"DO=Lenox Hill East, PU_bor=Manhattan",DO_bor=Manhattan,0.0219,1.0,1.13,8734
"DO=Greenwich Village South, PU_bor=Manhattan",DO_bor=Manhattan,0.0093,1.0,1.13,3693
"DO=Upper East Side North, PU=Upper East Side South",DO_bor=Manhattan,0.006,1.0,1.13,2391
"DO=Penn Station/Madison Sq West, weekend=yes",DO_bor=Manhattan,0.0062,1.0,1.13,2476
"DO=Penn Station/Madison Sq West, PU_bor=Manhattan",DO_bor=Manhattan,0.0199,1.0,1.13,7919
"DO=Midtown North, PU_bor=Manhattan",DO_bor=Manhattan,0.022,1.0,1.13,8773
"DO=Midtown North, weekend=yes",DO_bor=Manhattan,0.0051,1.0,1.13,2047
"DO=Midtown Center, weekend=yes",DO_bor=Manhattan,0.0059,1.0,1.13,2347
"DO=West Chelsea/Hudson Yards, weekend=yes",DO_bor=Manhattan,0.0066,1.0,1.13,2645
"DO=East Chelsea, DO_bor=Manhattan",weekend=yes,0.0087,0.327,1.13,3450
"DO=Midtown South, weekend=yes",DO_bor=Manhattan,0.0055,1.0,1.13,2184
"DO=Sutton Place/Turtle Bay North, PU_bor=Manhattan",DO_bor=Manhattan,0.0193,1.0,1.13,7690
"DO=Upper West Side North, PU_bor=Manhattan",DO_bor=Manhattan,0.0217,1.0,1.13,8648
"DO=Upper East Side North, PU_bor=Manhattan",DO_bor=Manhattan,0.0398,1.0,1.13,15858
"DO=West Chelsea/Hudson Yards, rush=yes",DO_bor=Manhattan,0.007,1.0,1.13,2804
"DO=Midtown Center, rush=yes",DO_bor=Manhattan,0.0149,1.0,1.13,5945
"DO=Yorkville East, PU_bor=Manhattan",DO_bor=Manhattan,0.0142,1.0,1.13,5666
"DO=East Village, PU_bor=Manhattan",DO_bor=Manhattan,0.0216,1.0,1.13,8584
"DO=Little Italy/NoLiTa, PU_bor=Manhattan",DO_bor=Manhattan,0.0084,1.0,1.13,3363
"DO=Midtown East, rush=yes",DO_bor=Manhattan,0.0108,1.0,1.13,4309
"DO=Clinton East, rush=yes",DO_bor=Manhattan,0.0068,1.0,1.13,2702
"DO=East Village, weekend=yes",DO_bor=Manhattan,0.0107,1.0,1.13,4249
"PU=Murray Hill, PU_bor=Manhattan",rush=yes,0.0087,0.332,1.13,3461
"DO=Times Sq/Theatre District, rush=yes",DO_bor=Manhattan,0.0098,1.0,1.13,3911
"DO=Lenox Hill West, weekend=yes",DO_bor=Manhattan,0.0076,1.0,1.13,3007
"DO=Lenox Hill West, PU_bor=Manhattan",DO_bor=Manhattan,0.0257,1.0,1.13,10227
"DO=Upper East Side North, weekend=yes",DO_bor=Manhattan,0.0089,1.0,1.13,3548
"DO=Lenox Hill East, rush=yes",DO_bor=Manhattan,0.0077,1.0,1.13,3060
"DO=Garment District, PU_bor=Manhattan",DO_bor=Manhattan,0.0115,1.0,1.13,4590
"DO=Sutton Place/Turtle Bay North, weekend=yes",DO_bor=Manhattan,0.0059,1.0,1.13,2330
"DO=Central Park, PU_bor=Manhattan",DO_bor=Manhattan,0.0099,1.0,1.13,3926
"DO=UN/Turtle Bay South, PU_bor=Manhattan",DO_bor=Manhattan,0.015,1.0,1.13,5957
"DO=Midtown North, rush=yes",DO_bor=Manhattan,0.0082,1.0,1.13,3265
"DO=Gramercy, weekend=yes",DO_bor=Manhattan,0.0075,1.0,1.13,2982
"DO=East Chelsea, PU_bor=Manhattan",DO_bor=Manhattan,0.0249,1.0,1.13,9897
"DO=Upper West Side South, weekend=yes",DO_bor=Manhattan,0.0076,1.0,1.13,3023
"DO=Upper East Side South, PU=Upper East Side North",DO_bor=Manhattan,0.0053,1.0,1.13,2110
"DO=East Chelsea, weekend=yes",DO_bor=Manhattan,0.0087,1.0,1.13,3450
"DO=Upper East Side North, rush=yes",DO_bor=Manhattan,0.0149,1.0,1.13,5924
"DO=Upper West Side South, PU_bor=Manhattan",DO_bor=Manhattan,0.0251,1.0,1.13,9977
"DO=Upper East Side South, rush=yes",DO_bor=Manhattan,0.0137,1.0,1.13,5474
"DO=Upper East Side South, PU_bor=Manhattan",DO_bor=Manhattan,0.0367,1.0,1.13,14598
"DO=Upper West Side South, rush=yes",DO_bor=Manhattan,0.0084,1.0,1.13,3337
"DO=Gramercy, PU_bor=Manhattan",DO_bor=Manhattan,0.0198,1.0,1.13,7881
"DO=Midtown Center, PU_bor=Manhattan",DO_bor=Manhattan,0.0356,1.0,1.13,14178
"DO=Clinton West, PU_bor=Manhattan",DO_bor=Manhattan,0.0107,1.0,1.13,4259
"DO=Murray Hill, PU_bor=Manhattan",DO_bor=Manhattan,0.0278,1.0,1.13,11081
"DO=Murray Hill, weekend=yes",DO_bor=Manhattan,0.0084,1.0,1.13,3361
"DO_bor=Manhattan, PU=Yorkville West",rush=yes,0.0065,0.33,1.13,2608
"DO=Yorkville West, PU_bor=Manhattan",DO_bor=Manhattan,0.0206,1.0,1.13,8196
"DO=Lincoln Square East, rush=yes",DO_bor=Manhattan,0.0095,1.0,1.13,3789
"DO=Upper West Side North, PU_bor=Manhattan, rush=yes",DO_bor=Manhattan,0.007,1.0,1.13,2784
"DO=Midtown East, weekend=yes",DO_bor=Manhattan,0.0053,1.0,1.13,2117
"DO=Upper East Side South, PU=Upper East Side North, PU_bor=Manhattan",DO_bor=Manhattan,0.0053,1.0,1.13,2110
"DO=Lenox Hill East, PU_bor=Manhattan, rush=yes",DO_bor=Manhattan,0.0074,1.0,1.13,2955
DO=Yorkville East,DO_bor=Manhattan,0.015,1.0,1.13,5977
"DO=Clinton East, PU_bor=Manhattan, rush=yes",DO_bor=Manhattan,0.0062,1.0,1.13,2487
DO=Upper West Side North,DO_bor=Manhattan,0.0223,1.0,1.13,8888
"DO=Lincoln Square East, PU_bor=Manhattan, rush=yes",DO_bor=Manhattan,0.0093,1.0,1.13,3701
DO=Central Park,DO_bor=Manhattan,0.0102,1.0,1.13,4049
DO=Yorkville West,DO_bor=Manhattan,0.0216,1.0,1.13,8620
DO=Murray Hill,DO_bor=Manhattan,0.0297,1.0,1.13,11840
DO=Clinton West,DO_bor=Manhattan,0.0112,1.0,1.13,4447
"DO_bor=Manhattan, PU=Yorkville West, PU_bor=Manhattan",rush=yes,0.0065,0.33,1.13,2608
DO=Kips Bay,DO_bor=Manhattan,0.0166,1.0,1.13,6629
DO=Gramercy,DO_bor=Manhattan,0.0211,1.0,1.13,8408
"DO=Upper East Side South, PU_bor=Manhattan, rush=yes",DO_bor=Manhattan,0.0134,1.0,1.13,5340
DO=Upper West Side South,DO_bor=Manhattan,0.0259,1.0,1.13,10296
DO=UN/Turtle Bay South,DO_bor=Manhattan,0.0161,1.0,1.13,6430
DO=Garment District,DO_bor=Manhattan,0.0125,1.0,1.13,4996
DO=Flatiron,DO_bor=Manhattan,0.0157,1.0,1.13,6243
"DO=Midtown South, PU_bor=Manhattan, weekend=yes",DO_bor=Manhattan,0.0051,1.0,1.13,2017
DO=West Village,DO_bor=Manhattan,0.0174,1.0,1.13,6948
"DO=Upper East Side North, PU=Upper East Side South, PU_bor=Manhattan",DO_bor=Manhattan,0.006,1.0,1.13,2391
DO=Penn Station/Madison Sq West,DO_bor=Manhattan,0.0209,1.0,1.13,8303
"DO=Upper East Side South, PU_bor=Manhattan, weekend=yes",DO_bor=Manhattan,0.0076,1.0,1.13,3030
"DO=Clinton East, PU_bor=Manhattan, weekend=yes",DO_bor=Manhattan,0.0086,1.0,1.13,3428
DO=Lenox Hill East,DO_bor=Manhattan,0.0229,1.0,1.13,9109
DO=East Harlem South,DO_bor=Manhattan,0.0137,1.0,1.13,5468
"DO=Times Sq/Theatre District, PU_bor=Manhattan, weekend=yes",DO_bor=Manhattan,0.0067,1.0,1.13,2652
DO=Midtown South,DO_bor=Manhattan,0.0199,1.0,1.13,7926
"DO=Midtown Center, PU_bor=Manhattan, weekend=yes",DO_bor=Manhattan,0.0055,1.0,1.13,2203
DO=Lincoln Square East,DO_bor=Manhattan,0.0272,1.0,1.13,10848
"DO=Union Sq, PU_bor=Manhattan, weekend=yes",DO_bor=Manhattan,0.0058,1.0,1.13,2300
DO=Little Italy/NoLiTa,DO_bor=Manhattan,0.0089,1.0,1.13,3563
"DO=Upper East Side North, PU_bor=Manhattan, rush=yes",DO_bor=Manhattan,0.0145,1.0,1.13,5781
"DO=Flatiron, PU_bor=Manhattan, weekend=yes",DO_bor=Manhattan,0.0059,1.0,1.13,2353
DO=East Chelsea,DO_bor=Manhattan,0.0265,1.0,1.13,10544
"DO=Sutton Place/Turtle Bay North, PU_bor=Manhattan, rush=yes",DO_bor=Manhattan,0.0057,1.0,1.13,2273
DO=TriBeCa/Civic Center,DO_bor=Manhattan,0.0152,1.0,1.13,6067
DO=Clinton East,DO_bor=Manhattan,0.0257,1.0,1.13,10251
"DO_bor=Manhattan, PU=Midtown North, PU_bor=Manhattan",rush=yes,0.0077,0.332,1.13,3060
DO=Lower East Side,DO_bor=Manhattan,0.0107,1.0,1.13,4274
"DO=Gramercy, PU_bor=Manhattan, rush=yes",DO_bor=Manhattan,0.005,1.0,1.13,2009
"DO=Murray Hill, PU_bor=Manhattan, rush=yes",DO_bor=Manhattan,0.0079,1.0,1.13,3149
"DO=Midtown South, PU_bor=Manhattan, rush=yes",DO_bor=Manhattan,0.0056,1.0,1.13,2210
DO=Midtown East,DO_bor=Manhattan,0.0288,1.0,1.13,11463
"DO=Penn Station/Madison Sq West, PU_bor=Manhattan, rush=yes",DO_bor=Manhattan,0.006,1.0,1.13,2389
"DO=Yorkville West, PU_bor=Manhattan, rush=yes",DO_bor=Manhattan,0.006,1.0,1.13,2408
"DO=Union Sq, PU_bor=Manhattan, rush=yes",DO_bor=Manhattan,0.0074,1.0,1.13,2930
DO=Greenwich Village North,DO_bor=Manhattan,0.0122,1.0,1.13,4854
DO=Greenwich Village South,DO_bor=Manhattan,0.0096,1.0,1.13,3842
DO=East Chelsea,weekend=yes,0.0087,0.327,1.13,3450
DO=West Chelsea/Hudson Yards,DO_bor=Manhattan,0.02,1.0,1.13,7964
"DO=East Chelsea, PU_bor=Manhattan, rush=yes",DO_bor=Manhattan,0.007,1.0,1.13,2796
DO=Upper East Side South,DO_bor=Manhattan,0.0376,1.0,1.13,14982
"DO=Lenox Hill West, PU_bor=Manhattan, rush=yes",DO_bor=Manhattan,0.0078,1.0,1.13,3097
DO=Midtown Center,DO_bor=Manhattan,0.0378,1.0,1.13,15034
"DO=Upper West Side South, PU_bor=Manhattan, rush=yes",DO_bor=Manhattan,0.0082,1.0,1.13,3263
DO=Sutton Place/Turtle Bay North,DO_bor=Manhattan,0.0204,1.0,1.13,8121
"DO=West Chelsea/Hudson Yards, PU_bor=Manhattan, rush=yes",DO_bor=Manhattan,0.0069,1.0,1.13,2746
DO=Upper East Side North,DO_bor=Manhattan,0.041,1.0,1.13,16315
"DO=Midtown North, PU_bor=Manhattan, rush=yes",DO_bor=Manhattan,0.0078,1.0,1.13,3115
"DO=Midtown Center, PU_bor=Manhattan, rush=yes",DO_bor=Manhattan,0.0142,1.0,1.13,5665
DO=East Village,DO_bor=Manhattan,0.0229,1.0,1.13,9100
"DO=Midtown East, PU_bor=Manhattan, rush=yes",DO_bor=Manhattan,0.0102,1.0,1.13,4068
DO=Lenox Hill West,DO_bor=Manhattan,0.0268,1.0,1.13,10686
"DO=Times Sq/Theatre District, PU_bor=Manhattan, rush=yes",DO_bor=Manhattan,0.0086,1.0,1.13,3419
DO=Union Sq,DO_bor=Manhattan,0.0222,1.0,1.13,8839
"DO=Sutton Place/Turtle Bay North, rush=yes",DO_bor=Manhattan,0.006,1.0,1.13,2393
PU=Murray Hill,rush=yes,0.0087,0.332,1.13,3461
"DO=Upper West Side North, rush=yes",DO_bor=Manhattan,0.0072,1.0,1.13,2855
DO=Manhattan Valley,DO_bor=Manhattan,0.0085,1.0,1.13,3382
"DO=Murray Hill, rush=yes",DO_bor=Manhattan,0.0085,1.0,1.13,3390
"DO=Gramercy, rush=yes",DO_bor=Manhattan,0.0054,1.0,1.13,2166
"DO=Upper West Side North, PU_bor=Manhattan, weekend=yes",DO_bor=Manhattan,0.0057,1.0,1.13,2275
"DO=West Chelsea/Hudson Yards, PU_bor=Manhattan, weekend=yes",DO_bor=Manhattan,0.0065,1.0,1.13,2580
"DO=Clinton East, PU_bor=Manhattan",DO_bor=Manhattan,0.024,1.0,1.13,9547
"DO_bor=Manhattan, PU=Midtown North",rush=yes,0.0077,0.332,1.13,3060
"DO=Gramercy, PU_bor=Manhattan, weekend=yes",DO_bor=Manhattan,0.0072,1.0,1.13,2870
"DO=Lincoln Square East, PU_bor=Manhattan, weekend=yes",DO_bor=Manhattan,0.0077,1.0,1.13,3047
"DO=TriBeCa/Civic Center, PU_bor=Manhattan",DO_bor=Manhattan,0.0145,1.0,1.13,5778
"DO=Flatiron, PU_bor=Manhattan",DO_bor=Manhattan,0.0147,1.0,1.13,5865
"DO=Upper West Side South, PU_bor=Manhattan, weekend=yes",DO_bor=Manhattan,0.0074,1.0,1.13,2952
DO=Lincoln Square West,DO_bor=Manhattan,0.0149,1.0,1.13,5948
"DO=Murray Hill, PU_bor=Manhattan, weekend=yes",DO_bor=Manhattan,0.008,1.0,1.13,3198
"DO=East Village, PU_bor=Manhattan, weekend=yes",DO_bor=Manhattan,0.0103,1.0,1.13,4121
"DO=Lenox Hill West, PU_bor=Manhattan, weekend=yes",DO_bor=Manhattan,0.0073,1.0,1.13,2901
"DO=Sutton Place/Turtle Bay North, PU_bor=Manhattan, weekend=yes",DO_bor=Manhattan,0.0056,1.0,1.13,2234
DO=Midtown North,DO_bor=Manhattan,0.0236,1.0,1.13,9385
"DO=Upper East Side North, PU_bor=Manhattan, weekend=yes",DO_bor=Manhattan,0.0086,1.0,1.13,3426
"DO=Penn Station/Madison Sq West, PU_bor=Manhattan, weekend=yes",DO_bor=Manhattan,0.006,1.0,1.13,2389
"DO=Midtown East, PU_bor=Manhattan, weekend=yes",DO_bor=Manhattan,0.005,1.0,1.13,1992
"DO=West Village, PU_bor=Manhattan, weekend=yes",DO_bor=Manhattan,0.0074,1.0,1.13,2934
"DO=Midtown South, rush=yes",DO_bor=Manhattan,0.0062,1.0,1.13,2461
"DO=Lower East Side, PU_bor=Manhattan",DO_bor=Manhattan,0.01,1.0,1.13,3964
"DO=East Chelsea, PU_bor=Manhattan, weekend=yes",DO_bor=Manhattan,0.0083,1.0,1.13,3291
DO=Times Sq/Theatre District,DO_bor=Manhattan,0.0295,1.0,1.13,11730
"DO=Penn Station/Madison Sq West, rush=yes",DO_bor=Manhattan,0.0063,1.0,1.13,2505
"DO=Yorkville West, rush=yes",DO_bor=Manhattan,0.0064,1.0,1.13,2530
"DO=Yorkville West, PU_bor=Manhattan, weekend=yes",DO_bor=Manhattan,0.0065,1.0,1.13,2604
PU=Sutton Place/Turtle Bay North,rush=yes,0.006,0.329,1.12,2394
"DO_bor=Manhattan, PU=Gramercy",weekend=yes,0.0066,0.325,1.12,2628
"DO=Upper West Side South, PU_bor=Manhattan",rush=yes,0.0082,0.327,1.12,3263
"PU=Sutton Place/Turtle Bay North, PU_bor=Manhattan",rush=yes,0.006,0.329,1.12,2394
"DO_bor=Manhattan, PU=Gramercy, PU_bor=Manhattan",weekend=yes,0.0066,0.325,1.12,2628
"DO=Upper West Side South, DO_bor=Manhattan, PU_bor=Manhattan",rush=yes,0.0082,0.327,1.12,3263
"PU=Gramercy, PU_bor=Manhattan",weekend=yes,0.0071,0.325,1.12,2824
PU=Gramercy,weekend=yes,0.0071,0.325,1.12,2824
"DO_bor=Manhattan, PU=Sutton Place/Turtle Bay North",PU_bor=Manhattan,0.0169,1.0,1.11,6742
"PU=Upper West Side South, rush=yes",DO_bor=Manhattan,0.0098,0.98,1.11,3903
"PU=Yorkville West, weekend=yes",PU_bor=Manhattan,0.0059,1.0,1.11,2358
"PU=Upper West Side South, PU_bor=Manhattan, rush=yes",DO_bor=Manhattan,0.0098,0.98,1.11,3903
"DO_bor=Manhattan, PU=Upper West Side South, weekend=yes",PU_bor=Manhattan,0.0072,1.0,1.11,2865
"DO_bor=Manhattan, PU=Union Sq, rush=yes",PU_bor=Manhattan,0.0063,1.0,1.11,2501
"DO_bor=Manhattan, PU=Penn Station/Madison Sq West",PU_bor=Manhattan,0.0357,1.0,1.11,14230
"DO_bor=Manhattan, PU=Upper West Side South, rush=yes",PU_bor=Manhattan,0.0098,1.0,1.11,3903
"PU=Midtown South, weekend=yes",PU_bor=Manhattan,0.0062,1.0,1.11,2455
"DO_bor=Manhattan, PU=Greenwich Village South, weekend=yes",PU_bor=Manhattan,0.0103,1.0,1.11,4087
"DO_bor=Manhattan, PU=Yorkville East, rush=yes",PU_bor=Manhattan,0.0059,1.0,1.11,2365
"DO_bor=Manhattan, PU=Manhattan Valley",PU_bor=Manhattan,0.0077,1.0,1.11,3057
"DO_bor=Manhattan, PU=West Village, weekend=yes",PU_bor=Manhattan,0.013,1.0,1.11,5179
"PU=Upper East Side South, rush=yes",PU_bor=Manhattan,0.015,1.0,1.11,5990
"DO_bor=Manhattan, PU=Midtown East, rush=yes",PU_bor=Manhattan,0.0118,1.0,1.11,4690
"DO_bor=Manhattan, PU=Garment District",PU_bor=Manhattan,0.0177,1.0,1.11,7067
"DO_bor=Manhattan, PU=LaGuardia Airport",rush=yes,0.0058,0.325,1.11,2313
"DO_bor=Manhattan, PU=Midtown South, rush=yes",PU_bor=Manhattan,0.0055,1.0,1.11,2174
"PU=West Chelsea/Hudson Yards, weekend=yes",PU_bor=Manhattan,0.007,1.0,1.11,2773
"DO_bor=Manhattan, PU=Midtown Center, rush=yes",PU_bor=Manhattan,0.0134,1.0,1.11,5337
"DO_bor=Manhattan, PU=Times Sq/Theatre District, rush=yes",PU_bor=Manhattan,0.0087,1.0,1.11,3456
"DO_bor=Manhattan, PU=Lenox Hill East, rush=yes",PU_bor=Manhattan,0.0078,1.0,1.11,3094
"PU=Greenwich Village North, weekend=yes",PU_bor=Manhattan,0.0051,1.0,1.11,2016
"DO_bor=Manhattan, PU=Kips Bay",PU_bor=Manhattan,0.0103,1.0,1.11,4095
"DO_bor=Manhattan, PU=Midtown North, rush=yes",PU_bor=Manhattan,0.0077,1.0,1.11,3060
PU=Greenwich Village South,PU_bor=Manhattan,0.0191,1.0,1.11,7615
"DO_bor=Manhattan, PU=Lenox Hill West",PU_bor=Manhattan,0.0227,1.0,1.11,9029
"PU=Yorkville East, rush=yes",PU_bor=Manhattan,0.0062,1.0,1.11,2453
"PU=Midtown East, rush=yes",PU_bor=Manhattan,0.0124,1.0,1.11,4918
"PU=Midtown North, rush=yes",PU_bor=Manhattan,0.0081,1.0,1.11,3239
"DO_bor=Manhattan, PU=Little Italy/NoLiTa",PU_bor=Manhattan,0.0108,1.0,1.11,4315
"PU=Midtown Center, weekend=yes",PU_bor=Manhattan,0.007,1.0,1.11,2784
"PU=Lenox Hill East, rush=yes",PU_bor=Manhattan,0.0081,1.0,1.11,3221
"DO_bor=Manhattan, PU=Gramercy, rush=yes",PU_bor=Manhattan,0.0056,1.0,1.11,2225
"PU=Times Sq/Theatre District, rush=yes",PU_bor=Manhattan,0.0096,1.0,1.11,3806
"DO_bor=Manhattan, PU=LaGuardia Airport, PU_bor=Queens",rush=yes,0.0058,0.325,1.11,2313
"DO_bor=Manhattan, PU=Upper West Side North",PU_bor=Manhattan,0.0191,1.0,1.11,7600
"PU=Midtown South, rush=yes",PU_bor=Manhattan,0.0058,1.0,1.11,2309
"DO_bor=Manhattan, PU=Midtown Center",PU_bor=Manhattan,0.0369,1.0,1.11,14689
"PU=Garment District, rush=yes",PU_bor=Manhattan,0.0051,1.0,1.11,2031
"DO_bor=Manhattan, PU=East Chelsea, rush=yes",PU_bor=Manhattan,0.0065,1.0,1.11,2595
"DO_bor=Manhattan, PU=Penn Station/Madison Sq West, rush=yes",PU_bor=Manhattan,0.0108,1.0,1.11,4295
"DO_bor=Manhattan, PU=Clinton East, weekend=yes",PU_bor=Manhattan,0.0096,1.0,1.11,3821
"DO_bor=Manhattan, PU=Lenox Hill West, rush=yes",PU_bor=Manhattan,0.008,1.0,1.11,3180
"PU=Yorkville West, rush=yes",PU_bor=Manhattan,0.0068,1.0,1.11,2695
"PU=Penn Station/Madison Sq West, rush=yes",PU_bor=Manhattan,0.0112,1.0,1.11,4472
"PU=Gramercy, rush=yes",PU_bor=Manhattan,0.0058,1.0,1.11,2313
"DO=Upper East Side South, DO_bor=Manhattan, PU=Upper East Side North",PU_bor=Manhattan,0.0053,1.0,1.11,2110
"DO_bor=Manhattan, PU=Upper East Side North, weekend=yes",PU_bor=Manhattan,0.0075,1.0,1.11,3003
"PU=Upper East Side North, rush=yes",PU_bor=Manhattan,0.0166,1.0,1.11,6626
"DO_bor=Manhattan, PU=Lenox Hill West, weekend=yes",PU_bor=Manhattan,0.0059,1.0,1.11,2367
"DO_bor=Manhattan, PU=Midtown South, weekend=yes",PU_bor=Manhattan,0.0055,1.0,1.11,2206
"DO_bor=Manhattan, PU=Flatiron, weekend=yes",PU_bor=Manhattan,0.0052,1.0,1.11,2060
"DO=Upper East Side North, DO_bor=Manhattan, PU=Upper East Side South",PU_bor=Manhattan,0.006,1.0,1.11,2391
"DO_bor=Manhattan, PU=Lower East Side, weekend=yes",PU_bor=Manhattan,0.0108,1.0,1.11,4302
"PU=Murray Hill, rush=yes",PU_bor=Manhattan,0.0087,1.0,1.11,3461
"DO_bor=Manhattan, PU=Gramercy, weekend=yes",PU_bor=Manhattan,0.0066,1.0,1.11,2628
"PU=Clinton East, rush=yes",PU_bor=Manhattan,0.0069,1.0,1.11,2758
"PU=Upper West Side North, rush=yes",PU_bor=Manhattan,0.0079,1.0,1.11,3131
"DO_bor=Manhattan, PU=Penn Station/Madison Sq West, weekend=yes",PU_bor=Manhattan,0.0077,1.0,1.11,3053
"DO_bor=Manhattan, PU=Midtown East, weekend=yes",PU_bor=Manhattan,0.0056,1.0,1.11,2236
"DO_bor=Manhattan, PU=Yorkville West, weekend=yes",PU_bor=Manhattan,0.0056,1.0,1.11,2236
"PU=Lincoln Square East, rush=yes",PU_bor=Manhattan,0.0103,1.0,1.11,4100
"DO_bor=Manhattan, PU=Midtown Center, weekend=yes",PU_bor=Manhattan,0.0062,1.0,1.11,2481
"DO_bor=Manhattan, PU=Little Italy/NoLiTa, weekend=yes",PU_bor=Manhattan,0.0061,1.0,1.11,2445
"DO_bor=Manhattan, PU=Murray Hill, weekend=yes",PU_bor=Manhattan,0.0051,1.0,1.11,2046
"DO_bor=Manhattan, PU=West Chelsea/Hudson Yards, weekend=yes",PU_bor=Manhattan,0.0066,1.0,1.11,2619
"DO_bor=Manhattan, PU=Lincoln Square East, weekend=yes",PU_bor=Manhattan,0.0081,1.0,1.11,3217
"PU=East Chelsea, rush=yes",PU_bor=Manhattan,0.0068,1.0,1.11,2718
"DO_bor=Manhattan, PU=Yorkville West, rush=yes",PU_bor=Manhattan,0.0065,1.0,1.11,2608
"DO=Upper West Side South, DO_bor=Manhattan",rush=yes,0.0084,0.324,1.11,3337
"DO_bor=Manhattan, PU=UN/Turtle Bay South",PU_bor=Manhattan,0.0096,1.0,1.11,3810
"DO_bor=Manhattan, PU=East Village, weekend=yes",PU_bor=Manhattan,0.0169,1.0,1.11,6728
"DO_bor=Manhattan, PU=Central Park",PU_bor=Manhattan,0.0126,1.0,1.11,5022
"PU=Upper West Side South, rush=yes",PU_bor=Manhattan,0.01,1.0,1.11,3983
"PU=Union Sq, rush=yes",PU_bor=Manhattan,0.0065,1.0,1.11,2593
"DO_bor=Manhattan, PU=Clinton East, rush=yes",PU_bor=Manhattan,0.0066,1.0,1.11,2634
"DO=Upper East Side North, PU=Upper East Side South",PU_bor=Manhattan,0.006,1.0,1.11,2391
"DO_bor=Manhattan, PU=Upper East Side North",PU_bor=Manhattan,0.0389,1.0,1.11,15495
"PU=Upper East Side North, weekend=yes",PU_bor=Manhattan,0.0078,1.0,1.11,3113
"DO_bor=Manhattan, PU=Upper East Side South, rush=yes",PU_bor=Manhattan,0.0147,1.0,1.11,5836
"DO_bor=Manhattan, PU=Lincoln Square West",PU_bor=Manhattan,0.0106,1.0,1.11,4235
"DO_bor=Manhattan, PU=Lincoln Square East, rush=yes",PU_bor=Manhattan,0.01,1.0,1.11,3984
"PU=Midtown Center, rush=yes",PU_bor=Manhattan,0.0142,1.0,1.11,5641
"DO_bor=Manhattan, PU=Upper West Side North, rush=yes",PU_bor=Manhattan,0.0077,1.0,1.11,3059
"DO_bor=Manhattan, PU=Times Sq/Theatre District, weekend=yes",PU_bor=Manhattan,0.0084,1.0,1.11,3350
"DO_bor=Manhattan, PU=Union Sq, weekend=yes",PU_bor=Manhattan,0.0064,1.0,1.11,2547
"DO=Upper East Side South, PU=Upper East Side North",PU_bor=Manhattan,0.0053,1.0,1.11,2110
"DO_bor=Manhattan, PU=Murray Hill, rush=yes",PU_bor=Manhattan,0.0083,1.0,1.11,3306
"DO_bor=Manhattan, PU=East Chelsea, weekend=yes",PU_bor=Manhattan,0.0073,1.0,1.11,2925
"DO_bor=Manhattan, PU=Midtown North, weekend=yes",PU_bor=Manhattan,0.0056,1.0,1.11,2222
"PU=Lenox Hill West, rush=yes",PU_bor=Manhattan,0.0083,1.0,1.11,3299
"DO_bor=Manhattan, PU=Upper East Side South, weekend=yes",PU_bor=Manhattan,0.0075,1.0,1.11,3003
"DO_bor=Manhattan, PU=Upper East Side North, rush=yes",PU_bor=Manhattan,0.0163,1.0,1.11,6481
"DO_bor=Manhattan, PU=Sutton Place/Turtle Bay North, rush=yes",PU_bor=Manhattan,0.0058,1.0,1.11,2301
"PU=Sutton Place/Turtle Bay North, rush=yes",PU_bor=Manhattan,0.006,1.0,1.11,2394
"DO_bor=Manhattan, PU=Yorkville East",PU_bor=Manhattan,0.014,1.0,1.11,5562
PU=Gramercy,PU_bor=Manhattan,0.0218,1.0,1.11,8693
PU=Yorkville West,PU_bor=Manhattan,0.0211,1.0,1.11,8391
"PU=Clinton East, weekend=yes",PU_bor=Manhattan,0.0105,1.0,1.11,4171
"DO_bor=Manhattan, PU=SoHo",PU_bor=Manhattan,0.007,1.0,1.11,2802
"DO_bor=Manhattan, PU=Upper East Side South",PU_bor=Manhattan,0.0394,1.0,1.11,15705
"DO_bor=Manhattan, PU=Midtown East",PU_bor=Manhattan,0.0308,1.0,1.11,12275
PU=Union Sq,PU_bor=Manhattan,0.0231,1.0,1.11,9205
"PU=Times Sq/Theatre District, weekend=yes",PU_bor=Manhattan,0.0099,1.0,1.11,3929
PU=Greenwich Village North,PU_bor=Manhattan,0.0139,1.0,1.11,5544
"DO_bor=Manhattan, PU=East Village",PU_bor=Manhattan,0.0309,1.0,1.11,12285
"PU=Flatiron, weekend=yes",PU_bor=Manhattan,0.0055,1.0,1.11,2201
"PU=East Village, weekend=yes",PU_bor=Manhattan,0.0183,1.0,1.11,7278
PU=Midtown South,PU_bor=Manhattan,0.0223,1.0,1.11,8865
"DO_bor=Manhattan, PU=Lower East Side",PU_bor=Manhattan,0.0161,1.0,1.11,6423
PU=Upper West Side South,PU_bor=Manhattan,0.0273,1.0,1.11,10864
"DO_bor=Manhattan, PU=Upper West Side South",PU_bor=Manhattan,0.0264,1.0,1.11,10528
"PU=Upper West Side South, weekend=yes",PU_bor=Manhattan,0.0075,1.0,1.11,2978
"PU=West Village, weekend=yes",PU_bor=Manhattan,0.014,1.0,1.11,5562
PU=East Chelsea,PU_bor=Manhattan,0.0261,1.0,1.11,10410
PU=Midtown East,PU_bor=Manhattan,0.0334,1.0,1.11,13287
"DO_bor=Manhattan, PU=West Village",PU_bor=Manhattan,0.0269,1.0,1.11,10716
"DO_bor=Manhattan, PU=Yorkville West",PU_bor=Manhattan,0.0198,1.0,1.11,7895
"DO_bor=Manhattan, PU=Times Sq/Theatre District",PU_bor=Manhattan,0.0297,1.0,1.11,11826
PU=TriBeCa/Civic Center,PU_bor=Manhattan,0.0126,1.0,1.11,5009
"PU=Union Sq, weekend=yes",PU_bor=Manhattan,0.0068,1.0,1.11,2700
"DO_bor=Manhattan, PU=Meatpacking/West Village West",PU_bor=Manhattan,0.0091,1.0,1.11,3613
PU=Times Sq/Theatre District,PU_bor=Manhattan,0.0346,1.0,1.11,13785
"DO_bor=Manhattan, PU=Clinton East",PU_bor=Manhattan,0.0302,1.0,1.11,12008
"DO_bor=Manhattan, PU=Flatiron",PU_bor=Manhattan,0.0155,1.0,1.11,6153
"PU=Upper East Side South, weekend=yes",PU_bor=Manhattan,0.008,1.0,1.11,3182
"PU=Midtown North, weekend=yes",PU_bor=Manhattan,0.0062,1.0,1.11,2462
PU=Upper East Side South,PU_bor=Manhattan,0.0409,1.0,1.11,16299
"DO_bor=Manhattan, PU=Midtown North",PU_bor=Manhattan,0.0232,1.0,1.11,9226
"DO_bor=Manhattan, PU=TriBeCa/Civic Center",PU_bor=Manhattan,0.0115,1.0,1.11,4578
PU=East Village,PU_bor=Manhattan,0.0337,1.0,1.11,13432
"DO_bor=Manhattan, PU=Lincoln Square East",PU_bor=Manhattan,0.0294,1.0,1.11,11688
"PU=Lincoln Square East, weekend=yes",PU_bor=Manhattan,0.0084,1.0,1.11,3360
"PU=Lenox Hill West, weekend=yes",PU_bor=Manhattan,0.0064,1.0,1.11,2553
"DO_bor=Manhattan, PU=East Chelsea",PU_bor=Manhattan,0.0243,1.0,1.11,9694
"PU=East Chelsea, weekend=yes",PU_bor=Manhattan,0.0079,1.0,1.11,3152
PU=SoHo,PU_bor=Manhattan,0.0076,1.0,1.11,3043
"DO_bor=Manhattan, PU=Midtown South",PU_bor=Manhattan,0.0202,1.0,1.11,8025
"DO_bor=Manhattan, PU=Greenwich Village North",PU_bor=Manhattan,0.013,1.0,1.11,5195
"DO_bor=Manhattan, PU=Union Sq",PU_bor=Manhattan,0.0218,1.0,1.11,8675
"DO_bor=Manhattan, PU=Gramercy",PU_bor=Manhattan,0.0203,1.0,1.11,8087
"PU=Lower East Side, weekend=yes",PU_bor=Manhattan,0.012,1.0,1.11,4793
"DO_bor=Manhattan, PU=Lenox Hill East",PU_bor=Manhattan,0.0189,1.0,1.11,7543
PU=Yorkville East,PU_bor=Manhattan,0.0149,1.0,1.11,5936
"PU=Penn Station/Madison Sq West, weekend=yes",PU_bor=Manhattan,0.0083,1.0,1.11,3287
"PU=Greenwich Village South, weekend=yes",PU_bor=Manhattan,0.011,1.0,1.11,4378
"PU=Murray Hill, weekend=yes",PU_bor=Manhattan,0.0056,1.0,1.11,2227
PU=Upper West Side North,PU_bor=Manhattan,0.0199,1.0,1.11,7913
PU=Midtown Center,PU_bor=Manhattan,0.0402,1.0,1.11,16023
PU=Little Italy/NoLiTa,PU_bor=Manhattan,0.0118,1.0,1.11,4717
PU=Flatiron,PU_bor=Manhattan,0.0166,1.0,1.11,6603
PU=Garment District,PU_bor=Manhattan,0.0191,1.0,1.11,7597
PU=Kips Bay,PU_bor=Manhattan,0.0113,1.0,1.11,4510
PU=UN/Turtle Bay South,PU_bor=Manhattan,0.0108,1.0,1.11,4303
"DO_bor=Manhattan, PU=Murray Hill",PU_bor=Manhattan,0.0242,1.0,1.11,9633
PU=West Chelsea/Hudson Yards,PU_bor=Manhattan,0.018,1.0,1.11,7184
PU=Lincoln Square East,PU_bor=Manhattan,0.0307,1.0,1.11,12242
PU=Lenox Hill West,PU_bor=Manhattan,0.0241,1.0,1.11,9615
PU=Murray Hill,PU_bor=Manhattan,0.0261,1.0,1.11,10411
"DO_bor=Manhattan, PU=West Chelsea/Hudson Yards",PU_bor=Manhattan,0.0171,1.0,1.11,6789
PU=Penn Station/Madison Sq West,PU_bor=Manhattan,0.038,1.0,1.11,15134
PU=Lower East Side,PU_bor=Manhattan,0.0184,1.0,1.11,7333
PU=Manhattan Valley,PU_bor=Manhattan,0.0079,1.0,1.11,3160
PU=Sutton Place/Turtle Bay North,PU_bor=Manhattan,0.0183,1.0,1.11,7267
"PU=Midtown East, weekend=yes",PU_bor=Manhattan,0.0062,1.0,1.11,2461
PU=Clinton East,PU_bor=Manhattan,0.0328,1.0,1.11,13062
PU=Midtown North,PU_bor=Manhattan,0.0254,1.0,1.11,10109
"PU=Gramercy, weekend=yes",PU_bor=Manhattan,0.0071,1.0,1.11,2824
"DO_bor=Manhattan, PU=Greenwich Village South",PU_bor=Manhattan,0.0176,1.0,1.11,7019
PU=West Village,PU_bor=Manhattan,0.029,1.0,1.11,11545
PU=Lenox Hill East,PU_bor=Manhattan,0.0202,1.0,1.11,8042
PU=Meatpacking/West Village West,PU_bor=Manhattan,0.0096,1.0,1.11,3830
DO=Upper West Side South,rush=yes,0.0084,0.324,1.11,3337
"PU=Little Italy/NoLiTa, weekend=yes",PU_bor=Manhattan,0.0067,1.0,1.11,2658
PU=Lincoln Square West,PU_bor=Manhattan,0.0109,1.0,1.11,4350
PU=Central Park,PU_bor=Manhattan,0.0131,1.0,1.11,5213
PU=Upper East Side North,PU_bor=Manhattan,0.0402,1.0,1.11,16020
"PU=Upper East Side South, PU_bor=Manhattan, rush=yes",DO_bor=Manhattan,0.0147,0.974,1.1,5836
"PU=Upper West Side North, PU_bor=Manhattan, rush=yes",DO_bor=Manhattan,0.0077,0.977,1.1,3059
"PU=Yorkville West, PU_bor=Manhattan",rush=yes,0.0068,0.321,1.1,2695
"PU=Lincoln Square East, PU_bor=Manhattan, rush=yes",DO_bor=Manhattan,0.01,0.972,1.1,3984
"PU=Upper East Side North, rush=yes",DO_bor=Manhattan,0.0163,0.978,1.1,6481
PU=Clinton East,weekend=yes,0.0105,0.319,1.1,4171
PU=Yorkville West,rush=yes,0.0068,0.321,1.1,2695
"PU=Upper East Side North, PU_bor=Manhattan, rush=yes",DO_bor=Manhattan,0.0163,0.978,1.1,6481
"DO_bor=Manhattan, PU=Clinton East, PU_bor=Manhattan",weekend=yes,0.0096,0.318,1.1,3821
"PU=Upper West Side North, rush=yes",DO_bor=Manhattan,0.0077,0.977,1.1,3059
PU=Lincoln Square West,DO_bor=Manhattan,0.0106,0.974,1.1,4235
"DO=Upper West Side North, DO_bor=Manhattan",rush=yes,0.0072,0.321,1.1,2855
"PU=Upper East Side South, rush=yes",DO_bor=Manhattan,0.0147,0.974,1.1,5836
"PU=Lincoln Square East, rush=yes",DO_bor=Manhattan,0.01,0.972,1.1,3984
"DO=Yorkville West, DO_bor=Manhattan, PU_bor=Manhattan",weekend=yes,0.0065,0.318,1.1,2604
DO=Upper West Side North,rush=yes,0.0072,0.321,1.1,2855
"DO=Upper West Side North, PU_bor=Manhattan",rush=yes,0.007,0.322,1.1,2784
"DO=Upper West Side North, DO_bor=Manhattan, PU_bor=Manhattan",rush=yes,0.007,0.322,1.1,2784
"PU=Lincoln Square West, PU_bor=Manhattan",DO_bor=Manhattan,0.0106,0.974,1.1,4235
"DO_bor=Manhattan, PU=Clinton East",weekend=yes,0.0096,0.318,1.1,3821
"PU=Clinton East, PU_bor=Manhattan",weekend=yes,0.0105,0.319,1.1,4171
"DO=Yorkville West, PU_bor=Manhattan",weekend=yes,0.0065,0.318,1.1,2604
"PU=Yorkville East, PU_bor=Manhattan, rush=yes",DO_bor=Manhattan,0.0059,0.964,1.09,2365
"PU=Union Sq, rush=yes",DO_bor=Manhattan,0.0063,0.965,1.09,2501
"PU=Upper East Side North, weekend=yes",DO_bor=Manhattan,0.0075,0.965,1.09,3003
"DO=Yorkville West, DO_bor=Manhattan",weekend=yes,0.0068,0.315,1.09,2712
"PU=Lenox Hill West, PU_bor=Manhattan, rush=yes",DO_bor=Manhattan,0.008,0.964,1.09,3180
PU=Upper West Side South,DO_bor=Manhattan,0.0264,0.969,1.09,10528
"DO=West Chelsea/Hudson Yards, DO_bor=Manhattan, rush=yes",PU_bor=Manhattan,0.0069,0.979,1.09,2746
"PU=Upper East Side North, PU_bor=Manhattan",DO_bor=Manhattan,0.0389,0.967,1.09,15495
"DO=West Chelsea/Hudson Yards, rush=yes",PU_bor=Manhattan,0.0069,0.979,1.09,2746
"PU=Central Park, PU_bor=Manhattan",DO_bor=Manhattan,0.0126,0.963,1.09,5022
"DO=West Village, DO_bor=Manhattan, weekend=yes",PU_bor=Manhattan,0.0074,0.984,1.09,2934
"PU=Union Sq, PU_bor=Manhattan, rush=yes",DO_bor=Manhattan,0.0063,0.965,1.09,2501
"PU=Yorkville West, PU_bor=Manhattan, rush=yes",DO_bor=Manhattan,0.0065,0.968,1.09,2608
"PU=Yorkville East, rush=yes",DO_bor=Manhattan,0.0059,0.964,1.09,2365
"PU=Upper West Side South, weekend=yes",DO_bor=Manhattan,0.0072,0.962,1.09,2865
"PU=Gramercy, rush=yes",DO_bor=Manhattan,0.0056,0.962,1.09,2225
"PU=Upper West Side South, PU_bor=Manhattan",DO_bor=Manhattan,0.0264,0.969,1.09,10528
PU=Manhattan Valley,DO_bor=Manhattan,0.0077,0.967,1.09,3057
"PU=Manhattan Valley, PU_bor=Manhattan",DO_bor=Manhattan,0.0077,0.967,1.09,3057
"DO=West Village, weekend=yes",PU_bor=Manhattan,0.0074,0.984,1.09,2934
PU=Central Park,DO_bor=Manhattan,0.0126,0.963,1.09,5022
PU=Upper East Side North,DO_bor=Manhattan,0.0389,0.967,1.09,15495
"PU=Midtown North, PU_bor=Manhattan",rush=yes,0.0081,0.32,1.09,3239
PU=Midtown North,rush=yes,0.0081,0.32,1.09,3239
"PU=Upper West Side South, PU_bor=Manhattan, weekend=yes",DO_bor=Manhattan,0.0072,0.962,1.09,2865
"PU=Gramercy, PU_bor=Manhattan, rush=yes",DO_bor=Manhattan,0.0056,0.962,1.09,2225
"PU=Upper East Side South, PU_bor=Manhattan",DO_bor=Manhattan,0.0394,0.964,1.09,15705
DO=Yorkville West,weekend=yes,0.0068,0.315,1.09,2712
"PU=Upper East Side North, PU_bor=Manhattan, weekend=yes",DO_bor=Manhattan,0.0075,0.965,1.09,3003
"PU=Lenox Hill West, rush=yes",DO_bor=Manhattan,0.008,0.964,1.09,3180
"PU=Yorkville West, rush=yes",DO_bor=Manhattan,0.0065,0.968,1.09,2608
PU=Upper East Side South,DO_bor=Manhattan,0.0394,0.964,1.09,15705
DO=West Village,PU_bor=Manhattan,0.017,0.974,1.08,6767
PU=Upper West Side North,DO_bor=Manhattan,0.0191,0.96,1.08,7600
"PU=Clinton East, PU_bor=Manhattan, rush=yes",DO_bor=Manhattan,0.0066,0.955,1.08,2634
"PU=LaGuardia Airport, PU_bor=Queens",rush=yes,0.0081,0.318,1.08,3207
"DO=Upper West Side South, rush=yes",PU_bor=Manhattan,0.0082,0.978,1.08,3263
"DO=West Chelsea/Hudson Yards, DO_bor=Manhattan, weekend=yes",PU_bor=Manhattan,0.0065,0.975,1.08,2580
"DO=Upper East Side South, weekend=yes",PU_bor=Manhattan,0.0076,0.977,1.08,3030
"PU=Midtown East, rush=yes",DO_bor=Manhattan,0.0118,0.954,1.08,4690
"DO=Upper West Side North, DO_bor=Manhattan",PU_bor=Manhattan,0.0217,0.973,1.08,8648
"DO=Upper East Side South, DO_bor=Manhattan",PU_bor=Manhattan,0.0367,0.974,1.08,14598
"DO=West Chelsea/Hudson Yards, weekend=yes",PU_bor=Manhattan,0.0065,0.975,1.08,2580
"PU=Lincoln Square East, weekend=yes",DO_bor=Manhattan,0.0081,0.957,1.08,3217
"PU=Sutton Place/Turtle Bay North, rush=yes",DO_bor=Manhattan,0.0058,0.961,1.08,2301
"DO=Upper West Side North, weekend=yes",PU_bor=Manhattan,0.0057,0.97,1.08,2275
"PU_bor=Manhattan, rush=yes",DO_bor=Manhattan,0.2556,0.958,1.08,101764
"PU=Penn Station/Madison Sq West, PU_bor=Manhattan, rush=yes",DO_bor=Manhattan,0.0108,0.96,1.08,4295
DO=Upper East Side South,PU_bor=Manhattan,0.0367,0.974,1.08,14598
"PU=East Chelsea, PU_bor=Manhattan, rush=yes",DO_bor=Manhattan,0.0065,0.955,1.08,2595
"DO=West Village, DO_bor=Manhattan",PU_bor=Manhattan,0.017,0.974,1.08,6767
"DO=Upper West Side North, DO_bor=Manhattan, weekend=yes",PU_bor=Manhattan,0.0057,0.97,1.08,2275
"DO=Central Park, DO_bor=Manhattan",PU_bor=Manhattan,0.0099,0.97,1.08,3926
"DO=East Village, DO_bor=Manhattan, weekend=yes",PU_bor=Manhattan,0.0103,0.97,1.08,4121
PU=LaGuardia Airport,rush=yes,0.0081,0.318,1.08,3207
"DO=Upper East Side South, DO_bor=Manhattan, weekend=yes",PU_bor=Manhattan,0.0076,0.977,1.08,3030
DO=Upper West Side North,PU_bor=Manhattan,0.0217,0.973,1.08,8648
"PU=Upper West Side North, PU_bor=Manhattan",DO_bor=Manhattan,0.0191,0.96,1.08,7600
DO=Central Park,PU_bor=Manhattan,0.0099,0.97,1.08,3926
"DO=Upper West Side North, rush=yes",PU_bor=Manhattan,0.007,0.975,1.08,2784
"DO=Lincoln Square East, DO_bor=Manhattan, rush=yes",PU_bor=Manhattan,0.0093,0.977,1.08,3701
"PU=Lenox Hill East, rush=yes",DO_bor=Manhattan,0.0078,0.961,1.08,3094
"DO=Lincoln Square East, rush=yes",PU_bor=Manhattan,0.0093,0.977,1.08,3701
"PU=Lenox Hill East, PU_bor=Manhattan, rush=yes",DO_bor=Manhattan,0.0078,0.961,1.08,3094
"DO=Upper East Side North, DO_bor=Manhattan, rush=yes",PU_bor=Manhattan,0.0145,0.976,1.08,5781
"PU=Sutton Place/Turtle Bay North, PU_bor=Manhattan, rush=yes",DO_bor=Manhattan,0.0058,0.961,1.08,2301
DO=Lincoln Square West,PU_bor=Manhattan,0.0145,0.971,1.08,5776
"DO=Lincoln Square West, DO_bor=Manhattan",PU_bor=Manhattan,0.0145,0.971,1.08,5776
"DO=Upper West Side South, DO_bor=Manhattan, weekend=yes",PU_bor=Manhattan,0.0074,0.977,1.08,2952
"PU=Lincoln Square East, PU_bor=Manhattan, weekend=yes",DO_bor=Manhattan,0.0081,0.957,1.08,3217
DO=West Chelsea/Hudson Yards,PU_bor=Manhattan,0.0195,0.973,1.08,7752
"PU=Murray Hill, PU_bor=Manhattan, rush=yes",DO_bor=Manhattan,0.0083,0.955,1.08,3306
"DO=Upper East Side North, rush=yes",PU_bor=Manhattan,0.0145,0.976,1.08,5781
"DO=Upper West Side South, DO_bor=Manhattan, rush=yes",PU_bor=Manhattan,0.0082,0.978,1.08,3263
"DO=Lincoln Square East, DO_bor=Manhattan, weekend=yes",PU_bor=Manhattan,0.0077,0.969,1.08,3047
"DO=East Village, weekend=yes",PU_bor=Manhattan,0.0103,0.97,1.08,4121
"DO=Upper West Side South, weekend=yes",PU_bor=Manhattan,0.0074,0.977,1.08,2952
"DO=West Chelsea/Hudson Yards, DO_bor=Manhattan",PU_bor=Manhattan,0.0195,0.973,1.08,7752
DO=Upper East Side North,PU_bor=Manhattan,0.0398,0.972,1.08,15858
"PU=Midtown East, PU_bor=Manhattan, rush=yes",DO_bor=Manhattan,0.0118,0.954,1.08,4690
"PU=Murray Hill, rush=yes",DO_bor=Manhattan,0.0083,0.955,1.08,3306
"PU=Penn Station/Madison Sq West, rush=yes",DO_bor=Manhattan,0.0108,0.96,1.08,4295
"DO=Upper East Side South, rush=yes",PU_bor=Manhattan,0.0134,0.976,1.08,5340
"DO=Upper West Side South, DO_bor=Manhattan",PU_bor=Manhattan,0.0251,0.969,1.08,9977
"DO=Upper West Side North, DO_bor=Manhattan, rush=yes",PU_bor=Manhattan,0.007,0.975,1.08,2784
"DO=Upper East Side South, DO_bor=Manhattan, rush=yes",PU_bor=Manhattan,0.0134,0.976,1.08,5340
"PU=Lincoln Square East, PU_bor=Manhattan",DO_bor=Manhattan,0.0294,0.955,1.08,11688
"DO=Upper East Side North, DO_bor=Manhattan",PU_bor=Manhattan,0.0398,0.972,1.08,15858
"PU=Clinton East, rush=yes",DO_bor=Manhattan,0.0066,0.955,1.08,2634
DO=Upper West Side South,PU_bor=Manhattan,0.0251,0.969,1.08,9977
PU=Lincoln Square East,DO_bor=Manhattan,0.0294,0.955,1.08,11688
"DO=Lincoln Square East, weekend=yes",PU_bor=Manhattan,0.0077,0.969,1.08,3047
"PU=East Chelsea, rush=yes",DO_bor=Manhattan,0.0065,0.955,1.08,2595
"DO=Union Sq, weekend=yes",PU_bor=Manhattan,0.0058,0.967,1.07,2300
DO=Greenwich Village South,PU_bor=Manhattan,0.0093,0.961,1.07,3693
"DO=Upper East Side North, DO_bor=Manhattan, weekend=yes",PU_bor=Manhattan,0.0086,0.966,1.07,3426
"PU=Midtown North, rush=yes",DO_bor=Manhattan,0.0077,0.945,1.07,3060
"DO=Lenox Hill West, DO_bor=Manhattan, weekend=yes",PU_bor=Manhattan,0.0073,0.965,1.07,2901
"DO=Lenox Hill West, weekend=yes",PU_bor=Manhattan,0.0073,0.965,1.07,2901
"PU=Upper East Side South, weekend=yes",DO_bor=Manhattan,0.0075,0.944,1.07,3003
"PU=Midtown Center, rush=yes",DO_bor=Manhattan,0.0134,0.946,1.07,5337
"DO=Union Sq, DO_bor=Manhattan, weekend=yes",PU_bor=Manhattan,0.0058,0.967,1.07,2300
"DO=Gramercy, weekend=yes",PU_bor=Manhattan,0.0072,0.962,1.07,2870
"PU=Yorkville West, weekend=yes",DO_bor=Manhattan,0.0056,0.948,1.07,2236
"PU=Upper East Side South, PU_bor=Manhattan, weekend=yes",DO_bor=Manhattan,0.0075,0.944,1.07,3003
"DO=Penn Station/Madison Sq West, weekend=yes",PU_bor=Manhattan,0.006,0.965,1.07,2389
"DO=Flatiron, weekend=yes",PU_bor=Manhattan,0.0059,0.964,1.07,2353
"DO=Lenox Hill East, rush=yes",PU_bor=Manhattan,0.0074,0.966,1.07,2955
DO=Lincoln Square East,PU_bor=Manhattan,0.0263,0.964,1.07,10460
"DO=Lincoln Square East, DO_bor=Manhattan",PU_bor=Manhattan,0.0263,0.964,1.07,10460
"PU=Midtown North, PU_bor=Manhattan, rush=yes",DO_bor=Manhattan,0.0077,0.945,1.07,3060
"DO=Lenox Hill East, DO_bor=Manhattan, rush=yes",PU_bor=Manhattan,0.0074,0.966,1.07,2955
"PU=West Chelsea/Hudson Yards, PU_bor=Manhattan, weekend=yes",DO_bor=Manhattan,0.0066,0.944,1.07,2619
"DO=Upper East Side North, weekend=yes",PU_bor=Manhattan,0.0086,0.966,1.07,3426
"PU=West Chelsea/Hudson Yards, weekend=yes",DO_bor=Manhattan,0.0066,0.944,1.07,2619
"DO=Yorkville West, DO_bor=Manhattan, weekend=yes",PU_bor=Manhattan,0.0065,0.96,1.07,2604
PU=West Chelsea/Hudson Yards,DO_bor=Manhattan,0.0171,0.945,1.07,6789
"PU=West Chelsea/Hudson Yards, PU_bor=Manhattan",DO_bor=Manhattan,0.0171,0.945,1.07,6789
"DO=Greenwich Village South, DO_bor=Manhattan",PU_bor=Manhattan,0.0093,0.961,1.07,3693
"PU=Yorkville West, PU_bor=Manhattan, weekend=yes",DO_bor=Manhattan,0.0056,0.948,1.07,2236
"DO=Lenox Hill West, DO_bor=Manhattan, rush=yes",PU_bor=Manhattan,0.0078,0.96,1.07,3097
"DO=Flatiron, DO_bor=Manhattan, weekend=yes",PU_bor=Manhattan,0.0059,0.964,1.07,2353
"DO=Lenox Hill West, rush=yes",PU_bor=Manhattan,0.0078,0.96,1.07,3097
"DO=Gramercy, DO_bor=Manhattan, weekend=yes",PU_bor=Manhattan,0.0072,0.962,1.07,2870
"PU=Midtown Center, PU_bor=Manhattan, rush=yes",DO_bor=Manhattan,0.0134,0.946,1.07,5337
"DO=Yorkville West, weekend=yes",PU_bor=Manhattan,0.0065,0.96,1.07,2604
"DO=Penn Station/Madison Sq West, DO_bor=Manhattan, weekend=yes",PU_bor=Manhattan,0.006,0.965,1.07,2389
"PU_bor=Manhattan, rush=yes, weekend=yes",DO_bor=Manhattan,0.0492,0.95,1.07,19606
"DO=Union Sq, DO_bor=Manhattan",PU_bor=Manhattan,0.0212,0.954,1.06,8432
"PU=Yorkville East, PU_bor=Manhattan",DO_bor=Manhattan,0.014,0.937,1.06,5562
"DO=Clinton East, DO_bor=Manhattan, weekend=yes",PU_bor=Manhattan,0.0086,0.955,1.06,3428
"DO=East Chelsea, DO_bor=Manhattan, weekend=yes",PU_bor=Manhattan,0.0083,0.954,1.06,3291
"DO=Manhattan Valley, DO_bor=Manhattan",PU_bor=Manhattan,0.0081,0.957,1.06,3236
DO=Manhattan Valley,PU_bor=Manhattan,0.0081,0.957,1.06,3236
DO=Penn Station/Madison Sq West,PU_bor=Manhattan,0.0199,0.954,1.06,7919
PU=Lenox Hill West,DO_bor=Manhattan,0.0227,0.939,1.06,9029
"PU=Flatiron, PU_bor=Manhattan, weekend=yes",DO_bor=Manhattan,0.0052,0.936,1.06,2060
DO=Clinton West,PU_bor=Manhattan,0.0107,0.958,1.06,4259
"DO=Sutton Place/Turtle Bay North, DO_bor=Manhattan, weekend=yes",PU_bor=Manhattan,0.0056,0.959,1.06,2234
"PU=Lenox Hill West, PU_bor=Manhattan",DO_bor=Manhattan,0.0227,0.939,1.06,9029
PU=Lenox Hill East,DO_bor=Manhattan,0.0189,0.938,1.06,7543
"DO=Lenox Hill East, DO_bor=Manhattan",PU_bor=Manhattan,0.0219,0.959,1.06,8734
"DO=Murray Hill, DO_bor=Manhattan, weekend=yes",PU_bor=Manhattan,0.008,0.952,1.06,3198
"PU=Union Sq, PU_bor=Manhattan, weekend=yes",DO_bor=Manhattan,0.0064,0.943,1.06,2547
PU=Yorkville East,DO_bor=Manhattan,0.014,0.937,1.06,5562
"PU=Midtown South, PU_bor=Manhattan, rush=yes",DO_bor=Manhattan,0.0055,0.942,1.06,2174
DO=TriBeCa/Civic Center,PU_bor=Manhattan,0.0145,0.952,1.06,5778
DO=Lenox Hill East,PU_bor=Manhattan,0.0219,0.959,1.06,8734
PU=Meatpacking/West Village West,DO_bor=Manhattan,0.0091,0.943,1.06,3613
PU=Penn Station/Madison Sq West,DO_bor=Manhattan,0.0357,0.94,1.06,14230
DO=Union Sq,PU_bor=Manhattan,0.0212,0.954,1.06,8432
"PU=Penn Station/Madison Sq West, PU_bor=Manhattan",DO_bor=Manhattan,0.0357,0.94,1.06,14230
"DO=East Chelsea, weekend=yes",PU_bor=Manhattan,0.0083,0.954,1.06,3291
"DO=Midtown South, DO_bor=Manhattan",rush=yes,0.0062,0.31,1.06,2461
"DO=Lenox Hill West, DO_bor=Manhattan",PU_bor=Manhattan,0.0257,0.957,1.06,10227
"DO=Penn Station/Madison Sq West, rush=yes",PU_bor=Manhattan,0.006,0.954,1.06,2389
"PU=Union Sq, weekend=yes",DO_bor=Manhattan,0.0064,0.943,1.06,2547
"DO=Yorkville West, rush=yes",PU_bor=Manhattan,0.006,0.952,1.06,2408
"PU=Union Sq, PU_bor=Manhattan",DO_bor=Manhattan,0.0218,0.942,1.06,8675
"DO=Union Sq, rush=yes",PU_bor=Manhattan,0.0074,0.957,1.06,2930
PU=Yorkville West,DO_bor=Manhattan,0.0198,0.941,1.06,7895
"DO=Yorkville West, DO_bor=Manhattan, rush=yes",PU_bor=Manhattan,0.006,0.952,1.06,2408
"DO=Clinton East, weekend=yes",PU_bor=Manhattan,0.0086,0.955,1.06,3428
"DO=Midtown Center, rush=yes",PU_bor=Manhattan,0.0142,0.953,1.06,5665
DO=Lenox Hill West,PU_bor=Manhattan,0.0257,0.957,1.06,10227
PU=Greenwich Village North,DO_bor=Manhattan,0.013,0.937,1.06,5195
"DO=Midtown Center, DO_bor=Manhattan, rush=yes",PU_bor=Manhattan,0.0142,0.953,1.06,5665
"PU=Flatiron, weekend=yes",DO_bor=Manhattan,0.0052,0.936,1.06,2060
PU=Union Sq,DO_bor=Manhattan,0.0218,0.942,1.06,8675
"PU=Yorkville West, PU_bor=Manhattan",DO_bor=Manhattan,0.0198,0.941,1.06,7895
"DO=Midtown North, rush=yes",PU_bor=Manhattan,0.0078,0.954,1.06,3115
"DO=Sutton Place/Turtle Bay North, weekend=yes",PU_bor=Manhattan,0.0056,0.959,1.06,2234
"DO=Penn Station/Madison Sq West, DO_bor=Manhattan, rush=yes",PU_bor=Manhattan,0.006,0.954,1.06,2389
"DO=Union Sq, DO_bor=Manhattan, rush=yes",PU_bor=Manhattan,0.0074,0.957,1.06,2930
"PU=Greenwich Village North, PU_bor=Manhattan",DO_bor=Manhattan,0.013,0.937,1.06,5195
"DO=Midtown North, DO_bor=Manhattan, rush=yes",PU_bor=Manhattan,0.0078,0.954,1.06,3115
"DO_bor=Manhattan, weekend=yes",PU_bor=Manhattan,0.2464,0.959,1.06,98093
DO=Midtown South,rush=yes,0.0062,0.31,1.06,2461
"DO=Clinton West, DO_bor=Manhattan",PU_bor=Manhattan,0.0107,0.958,1.06,4259
"DO=Penn Station/Madison Sq West, DO_bor=Manhattan",PU_bor=Manhattan,0.0199,0.954,1.06,7919
"DO=Murray Hill, weekend=yes",PU_bor=Manhattan,0.008,0.952,1.06,3198
"PU=Lenox Hill East, PU_bor=Manhattan",DO_bor=Manhattan,0.0189,0.938,1.06,7543
"DO=TriBeCa/Civic Center, DO_bor=Manhattan",PU_bor=Manhattan,0.0145,0.952,1.06,5778
"PU=Meatpacking/West Village West, PU_bor=Manhattan",DO_bor=Manhattan,0.0091,0.943,1.06,3613
"PU=Midtown South, rush=yes",DO_bor=Manhattan,0.0055,0.942,1.06,2174
"DO=Sutton Place/Turtle Bay North, DO_bor=Manhattan",PU_bor=Manhattan,0.0193,0.947,1.05,7690
PU=Garment District,DO_bor=Manhattan,0.0177,0.93,1.05,7067
"DO_bor=Manhattan, PU_bor=Queens",rush=yes,0.0126,0.306,1.05,5001
"DO=East Village, DO_bor=Manhattan",PU_bor=Manhattan,0.0216,0.943,1.05,8584
DO=East Harlem South,PU_bor=Manhattan,0.0129,0.943,1.05,5155
"PU=Penn Station/Madison Sq West, PU_bor=Manhattan, weekend=yes",DO_bor=Manhattan,0.0077,0.929,1.05,3053
"PU=East Chelsea, PU_bor=Manhattan",weekend=yes,0.0079,0.303,1.05,3152
"PU=Lenox Hill West, PU_bor=Manhattan, weekend=yes",DO_bor=Manhattan,0.0059,0.927,1.05,2367
"PU=East Chelsea, PU_bor=Manhattan",DO_bor=Manhattan,0.0243,0.931,1.05,9694
"PU=Lenox Hill West, weekend=yes",DO_bor=Manhattan,0.0059,0.927,1.05,2367
"DO=Yorkville West, DO_bor=Manhattan",PU_bor=Manhattan,0.0206,0.951,1.05,8196
"DO=Midtown East, rush=yes",PU_bor=Manhattan,0.0102,0.944,1.05,4068
"DO_bor=Manhattan, rush=yes",PU_bor=Manhattan,0.2556,0.947,1.05,101764
"DO=Yorkville East, DO_bor=Manhattan",PU_bor=Manhattan,0.0142,0.948,1.05,5666
"PU=Flatiron, PU_bor=Manhattan",DO_bor=Manhattan,0.0155,0.932,1.05,6153
"DO=Little Italy/NoLiTa, DO_bor=Manhattan",PU_bor=Manhattan,0.0084,0.944,1.05,3363
DO=Sutton Place/Turtle Bay North,PU_bor=Manhattan,0.0193,0.947,1.05,7690
"PU=Gramercy, PU_bor=Manhattan, weekend=yes",DO_bor=Manhattan,0.0066,0.931,1.05,2628
DO=Midtown Center,PU_bor=Manhattan,0.0356,0.943,1.05,14178
"PU=East Chelsea, weekend=yes",DO_bor=Manhattan,0.0073,0.928,1.05,2925
"DO=Sutton Place/Turtle Bay North, DO_bor=Manhattan, rush=yes",PU_bor=Manhattan,0.0057,0.95,1.05,2273
"PU=West Village, PU_bor=Manhattan, weekend=yes",DO_bor=Manhattan,0.013,0.931,1.05,5179
"DO=Kips Bay, DO_bor=Manhattan",weekend=yes,0.0051,0.305,1.05,2020
"PU=Gramercy, PU_bor=Manhattan",DO_bor=Manhattan,0.0203,0.93,1.05,8087
PU=Gramercy,DO_bor=Manhattan,0.0203,0.93,1.05,8087
"DO=East Harlem South, DO_bor=Manhattan",PU_bor=Manhattan,0.0129,0.943,1.05,5155
"PU=West Village, PU_bor=Manhattan",DO_bor=Manhattan,0.0269,0.928,1.05,10716
"PU=Penn Station/Madison Sq West, weekend=yes",DO_bor=Manhattan,0.0077,0.929,1.05,3053
"PU=East Chelsea, PU_bor=Manhattan, weekend=yes",DO_bor=Manhattan,0.0073,0.928,1.05,2925
PU=West Village,DO_bor=Manhattan,0.0269,0.928,1.05,10716
"PU=Gramercy, weekend=yes",DO_bor=Manhattan,0.0066,0.931,1.05,2628
PU=East Chelsea,weekend=yes,0.0079,0.303,1.05,3152
"PU=Sutton Place/Turtle Bay North, PU_bor=Manhattan",DO_bor=Manhattan,0.0169,0.928,1.05,6742
DO=Little Italy/NoLiTa,PU_bor=Manhattan,0.0084,0.944,1.05,3363
DO=Yorkville West,PU_bor=Manhattan,0.0206,0.951,1.05,8196
"DO=Sutton Place/Turtle Bay North, rush=yes",PU_bor=Manhattan,0.0057,0.95,1.05,2273
"PU=Greenwich Village South, weekend=yes",DO_bor=Manhattan,0.0103,0.934,1.05,4087
"PU=Greenwich Village South, PU_bor=Manhattan, weekend=yes",DO_bor=Manhattan,0.0103,0.934,1.05,4087
PU_bor=Manhattan,DO_bor=Manhattan,0.8373,0.929,1.05,333381
"DO=Midtown Center, DO_bor=Manhattan",PU_bor=Manhattan,0.0356,0.943,1.05,14178
"DO=Midtown South, PU_bor=Manhattan",rush=yes,0.0056,0.309,1.05,2210
DO_bor=Manhattan,PU_bor=Manhattan,0.8373,0.945,1.05,333381
DO=Kips Bay,weekend=yes,0.0051,0.305,1.05,2020
PU=Flatiron,DO_bor=Manhattan,0.0155,0.932,1.05,6153
"PU=Garment District, PU_bor=Manhattan",DO_bor=Manhattan,0.0177,0.93,1.05,7067
DO=Yorkville East,PU_bor=Manhattan,0.0142,0.948,1.05,5666
DO=East Village,PU_bor=Manhattan,0.0216,0.943,1.05,8584
"DO=Midtown East, DO_bor=Manhattan, rush=yes",PU_bor=Manhattan,0.0102,0.944,1.05,4068
"DO_bor=Manhattan, rush=yes, weekend=yes",PU_bor=Manhattan,0.0492,0.944,1.05,19606
PU=Sutton Place/Turtle Bay North,DO_bor=Manhattan,0.0169,0.928,1.05,6742
"DO=Midtown South, DO_bor=Manhattan, PU_bor=Manhattan",rush=yes,0.0056,0.309,1.05,2210
"PU=West Village, weekend=yes",DO_bor=Manhattan,0.013,0.931,1.05,5179
PU=East Chelsea,DO_bor=Manhattan,0.0243,0.931,1.05,9694
PU=Midtown East,DO_bor=Manhattan,0.0308,0.924,1.04,12275
DO=Murray Hill,PU_bor=Manhattan,0.0278,0.936,1.04,11081
DO=Greenwich Village North,PU_bor=Manhattan,0.0115,0.94,1.04,4563
DO=East Chelsea,PU_bor=Manhattan,0.0249,0.939,1.04,9897
DO=Midtown East,PU_bor=Manhattan,0.027,0.937,1.04,10739
PU=SoHo,DO_bor=Manhattan,0.007,0.921,1.04,2802
"DO=East Chelsea, DO_bor=Manhattan, rush=yes",PU_bor=Manhattan,0.007,0.938,1.04,2796
PU=Clinton East,DO_bor=Manhattan,0.0302,0.919,1.04,12008
DO=Gramercy,PU_bor=Manhattan,0.0198,0.937,1.04,7881
"DO=Flatiron, DO_bor=Manhattan",PU_bor=Manhattan,0.0147,0.939,1.04,5865
"DO=East Chelsea, DO_bor=Manhattan",PU_bor=Manhattan,0.0249,0.939,1.04,9897
rush=yes,DO_bor=Manhattan,0.2698,0.921,1.04,107439
"PU=East Village, PU_bor=Manhattan, weekend=yes",DO_bor=Manhattan,0.0169,0.924,1.04,6728
"DO=Midtown East, DO_bor=Manhattan, weekend=yes",PU_bor=Manhattan,0.005,0.941,1.04,1992
"PU=Greenwich Village South, PU_bor=Manhattan",DO_bor=Manhattan,0.0176,0.922,1.04,7019
"PU_bor=Manhattan, weekend=yes",DO_bor=Manhattan,0.2464,0.925,1.04,98093
"DO=Midtown East, weekend=yes",PU_bor=Manhattan,0.005,0.941,1.04,1992
"DO=Midtown East, DO_bor=Manhattan",PU_bor=Manhattan,0.027,0.937,1.04,10739
"DO=Greenwich Village North, DO_bor=Manhattan",PU_bor=Manhattan,0.0115,0.94,1.04,4563
"PU=East Village, weekend=yes",DO_bor=Manhattan,0.0169,0.924,1.04,6728
"DO=East Chelsea, rush=yes",PU_bor=Manhattan,0.007,0.938,1.04,2796
"PU=Midtown East, PU_bor=Manhattan",DO_bor=Manhattan,0.0308,0.924,1.04,12275
"PU=SoHo, PU_bor=Manhattan",DO_bor=Manhattan,0.007,0.921,1.04,2802
"DO_bor=Manhattan, PU=East Chelsea",weekend=yes,0.0073,0.302,1.04,2925
"PU=Clinton East, PU_bor=Manhattan",DO_bor=Manhattan,0.0302,0.919,1.04,12008
"DO=Murray Hill, DO_bor=Manhattan",PU_bor=Manhattan,0.0278,0.936,1.04,11081
"DO_bor=Manhattan, PU_bor=Manhattan",rush=yes,0.2556,0.305,1.04,101764
"DO=Gramercy, DO_bor=Manhattan",PU_bor=Manhattan,0.0198,0.937,1.04,7881
"DO=Midtown Center, weekend=yes",PU_bor=Manhattan,0.0055,0.939,1.04,2203
"DO=Penn Station/Madison Sq West, PU_bor=Manhattan",weekend=yes,0.006,0.302,1.04,2389
"DO=Midtown North, DO_bor=Manhattan",PU_bor=Manhattan,0.022,0.935,1.04,8773
"DO=Kips Bay, DO_bor=Manhattan",PU_bor=Manhattan,0.0156,0.94,1.04,6229
"PU=Little Italy/NoLiTa, weekend=yes",DO_bor=Manhattan,0.0061,0.92,1.04,2445
"PU=Murray Hill, weekend=yes",DO_bor=Manhattan,0.0051,0.919,1.04,2046
"PU=Murray Hill, PU_bor=Manhattan",DO_bor=Manhattan,0.0242,0.925,1.04,9633
DO_bor=Manhattan,rush=yes,0.2698,0.305,1.04,107439
PU=Greenwich Village South,DO_bor=Manhattan,0.0176,0.922,1.04,7019
DO=Kips Bay,PU_bor=Manhattan,0.0156,0.94,1.04,6229
"DO=Midtown Center, DO_bor=Manhattan, weekend=yes",PU_bor=Manhattan,0.0055,0.939,1.04,2203
"DO_bor=Manhattan, PU=East Chelsea, PU_bor=Manhattan",weekend=yes,0.0073,0.302,1.04,2925
"PU=Little Italy/NoLiTa, PU_bor=Manhattan, weekend=yes",DO_bor=Manhattan,0.0061,0.92,1.04,2445
DO=Flatiron,PU_bor=Manhattan,0.0147,0.939,1.04,5865
"PU=Murray Hill, PU_bor=Manhattan, weekend=yes",DO_bor=Manhattan,0.0051,0.919,1.04,2046
PU=Murray Hill,DO_bor=Manhattan,0.0242,0.925,1.04,9633
"DO=Penn Station/Madison Sq West, DO_bor=Manhattan, PU_bor=Manhattan",weekend=yes,0.006,0.302,1.04,2389
DO=Midtown North,PU_bor=Manhattan,0.022,0.935,1.04,8773
"PU=Midtown East, weekend=yes",DO_bor=Manhattan,0.0056,0.909,1.03,2236
DO=Clinton East,PU_bor=Manhattan,0.024,0.931,1.03,9547
"DO_bor=Manhattan, PU=Penn Station/Madison Sq West",rush=yes,0.0108,0.302,1.03,4295
"DO=Lenox Hill West, PU_bor=Manhattan",rush=yes,0.0078,0.303,1.03,3097
"rush=yes, weekend=yes",DO_bor=Manhattan,0.0522,0.908,1.03,20773
"DO=Lenox Hill West, DO_bor=Manhattan",rush=yes,0.0081,0.302,1.03,3226
"PU=Little Italy/NoLiTa, PU_bor=Manhattan",DO_bor=Manhattan,0.0108,0.915,1.03,4315
PU=Little Italy/NoLiTa,DO_bor=Manhattan,0.0108,0.915,1.03,4315
"PU=Midtown Center, PU_bor=Manhattan",DO_bor=Manhattan,0.0369,0.917,1.03,14689
"PU=TriBeCa/Civic Center, PU_bor=Manhattan",DO_bor=Manhattan,0.0115,0.914,1.03,4578
"PU=Midtown East, PU_bor=Manhattan, weekend=yes",DO_bor=Manhattan,0.0056,0.909,1.03,2236
"PU=Midtown North, PU_bor=Manhattan",DO_bor=Manhattan,0.0232,0.913,1.03,9226
"PU=East Village, PU_bor=Manhattan",DO_bor=Manhattan,0.0309,0.915,1.03,12285
DO=UN/Turtle Bay South,PU_bor=Manhattan,0.015,0.926,1.03,5957
"DO=Gramercy, DO_bor=Manhattan, rush=yes",PU_bor=Manhattan,0.005,0.928,1.03,2009
DO=Lower East Side,PU_bor=Manhattan,0.01,0.927,1.03,3964
"DO=Murray Hill, DO_bor=Manhattan, rush=yes",PU_bor=Manhattan,0.0079,0.929,1.03,3149
"DO=Penn Station/Madison Sq West, DO_bor=Manhattan, PU_bor=Manhattan",rush=yes,0.006,0.302,1.03,2389
"DO=UN/Turtle Bay South, DO_bor=Manhattan",PU_bor=Manhattan,0.015,0.926,1.03,5957
PU=East Village,DO_bor=Manhattan,0.0309,0.915,1.03,12285
"DO=Lenox Hill West, DO_bor=Manhattan, PU_bor=Manhattan",rush=yes,0.0078,0.303,1.03,3097
"DO_bor=Manhattan, PU=Penn Station/Madison Sq West, PU_bor=Manhattan",rush=yes,0.0108,0.302,1.03,4295
"PU=Clinton East, weekend=yes",DO_bor=Manhattan,0.0096,0.916,1.03,3821
PU=Midtown Center,DO_bor=Manhattan,0.0369,0.917,1.03,14689
"DO=Clinton East, DO_bor=Manhattan",PU_bor=Manhattan,0.024,0.931,1.03,9547
"DO=Murray Hill, rush=yes",PU_bor=Manhattan,0.0079,0.929,1.03,3149
"DO=Lower East Side, DO_bor=Manhattan",PU_bor=Manhattan,0.01,0.927,1.03,3964
PU=TriBeCa/Civic Center,DO_bor=Manhattan,0.0115,0.914,1.03,4578
"DO=Penn Station/Madison Sq West, DO_bor=Manhattan",rush=yes,0.0063,0.302,1.03,2505
"DO=Penn Station/Madison Sq West, PU_bor=Manhattan",rush=yes,0.006,0.302,1.03,2389
"DO=Gramercy, rush=yes",PU_bor=Manhattan,0.005,0.928,1.03,2009
PU=Midtown North,DO_bor=Manhattan,0.0232,0.913,1.03,9226
DO=Penn Station/Madison Sq West,rush=yes,0.0063,0.302,1.03,2505
"PU=Clinton East, PU_bor=Manhattan, weekend=yes",DO_bor=Manhattan,0.0096,0.916,1.03,3821
DO=Lenox Hill West,rush=yes,0.0081,0.302,1.03,3226
"DO=Garment District, DO_bor=Manhattan",PU_bor=Manhattan,0.0115,0.919,1.02,4590
"PU=Times Sq/Theatre District, rush=yes",DO_bor=Manhattan,0.0087,0.908,1.02,3456
"PU=Midtown North, PU_bor=Manhattan, weekend=yes",DO_bor=Manhattan,0.0056,0.903,1.02,2222
"DO=Clinton East, rush=yes",PU_bor=Manhattan,0.0062,0.92,1.02,2487
"DO=Clinton East, DO_bor=Manhattan, rush=yes",PU_bor=Manhattan,0.0062,0.92,1.02,2487
"DO=Midtown South, weekend=yes",PU_bor=Manhattan,0.0051,0.924,1.02,2017
PU=Kips Bay,DO_bor=Manhattan,0.0103,0.908,1.02,4095
"DO=Midtown South, DO_bor=Manhattan, weekend=yes",PU_bor=Manhattan,0.0051,0.924,1.02,2017
"PU=Midtown South, PU_bor=Manhattan",DO_bor=Manhattan,0.0202,0.905,1.02,8025
DO=Garment District,PU_bor=Manhattan,0.0115,0.919,1.02,4590
PU=Midtown South,DO_bor=Manhattan,0.0202,0.905,1.02,8025
"PU=Kips Bay, PU_bor=Manhattan",DO_bor=Manhattan,0.0103,0.908,1.02,4095
"PU=Times Sq/Theatre District, PU_bor=Manhattan, rush=yes",DO_bor=Manhattan,0.0087,0.908,1.02,3456
weekend=yes,PU_bor=Manhattan,0.2662,0.921,1.02,106001
"PU=Midtown North, weekend=yes",DO_bor=Manhattan,0.0056,0.903,1.02,2222
"PU=Lower East Side, PU_bor=Manhattan, weekend=yes",DO_bor=Manhattan,0.0108,0.898,1.01,4302
"PU=Midtown South, PU_bor=Manhattan, weekend=yes",DO_bor=Manhattan,0.0055,0.899,1.01,2206
"PU=Midtown South, weekend=yes",DO_bor=Manhattan,0.0055,0.899,1.01,2206
"PU=Midtown Center, weekend=yes",DO_bor=Manhattan,0.0062,0.891,1.01,2481
"PU=Midtown Center, PU_bor=Manhattan, weekend=yes",DO_bor=Manhattan,0.0062,0.891,1.01,2481
rush=yes,PU_bor=Manhattan,0.2669,0.911,1.01,106276
"PU=Lower East Side, weekend=yes",DO_bor=Manhattan,0.0108,0.898,1.01,4302
PU=UN/Turtle Bay South,DO_bor=Manhattan,0.0096,0.885,1.0,3810
"DO=Midtown South, DO_bor=Manhattan",PU_bor=Manhattan,0.018,0.903,1.0,7159
DO=Midtown South,PU_bor=Manhattan,0.018,0.903,1.0,7159
"PU=UN/Turtle Bay South, PU_bor=Manhattan",DO_bor=Manhattan,0.0096,0.885,1.0,3810
"DO=Midtown South, rush=yes",PU_bor=Manhattan,0.0056,0.898,1.0,2210
"DO=Midtown South, DO_bor=Manhattan, rush=yes",PU_bor=Manhattan,0.0056,0.898,1.0,2210
"rush=yes, weekend=yes",PU_bor=Manhattan,0.0518,0.902,1.0,20634
weekend=yes,DO_bor=Manhattan,0.2569,0.889,1.0,102305
"PU=Lower East Side, PU_bor=Manhattan",DO_bor=Manhattan,0.0161,0.876,0.99,6423
"DO=Times Sq/Theatre District, DO_bor=Manhattan, weekend=yes",PU_bor=Manhattan,0.0067,0.894,0.99,2652
"DO=Times Sq/Theatre District, weekend=yes",PU_bor=Manhattan,0.0067,0.894,0.99,2652
PU=Lower East Side,DO_bor=Manhattan,0.0161,0.876,0.99,6423
"DO=LaGuardia Airport, DO_bor=Queens",PU_bor=Manhattan,0.0134,0.891,0.99,5317
DO=LaGuardia Airport,PU_bor=Manhattan,0.0134,0.891,0.99,5317
"DO=Times Sq/Theatre District, DO_bor=Manhattan, rush=yes",PU_bor=Manhattan,0.0086,0.874,0.97,3419
"DO=Times Sq/Theatre District, DO_bor=Manhattan",PU_bor=Manhattan,0.0258,0.875,0.97,10258
DO=Times Sq/Theatre District,PU_bor=Manhattan,0.0258,0.875,0.97,10258
PU=Times Sq/Theatre District,DO_bor=Manhattan,0.0297,0.858,0.97,11826
"PU=Times Sq/Theatre District, PU_bor=Manhattan",DO_bor=Manhattan,0.0297,0.858,0.97,11826
"DO=Times Sq/Theatre District, rush=yes",PU_bor=Manhattan,0.0086,0.874,0.97,3419
"PU=Times Sq/Theatre District, weekend=yes",DO_bor=Manhattan,0.0084,0.853,0.96,3350
"PU=Times Sq/Theatre District, PU_bor=Manhattan, weekend=yes",DO_bor=Manhattan,0.0084,0.853,0.96,3350
DO=JFK Airport,PU_bor=Manhattan,0.0084,0.816,0.91,3325
"DO=JFK Airport, DO_bor=Queens",PU_bor=Manhattan,0.0084,0.816,0.91,3325
"PU=LaGuardia Airport, PU_bor=Queens, rush=yes",DO_bor=Manhattan,0.0058,0.721,0.81,2313
"PU=LaGuardia Airport, rush=yes",DO_bor=Manhattan,0.0058,0.721,0.81,2313
"PU=LaGuardia Airport, PU_bor=Queens",DO_bor=Manhattan,0.0179,0.705,0.8,7116
PU=LaGuardia Airport,DO_bor=Manhattan,0.0179,0.705,0.8,7116
"DO_bor=Brooklyn, weekend=yes",PU_bor=Manhattan,0.0079,0.636,0.71,3130
"DO_bor=Queens, weekend=yes",PU_bor=Manhattan,0.0102,0.626,0.69,4054
"PU_bor=Queens, rush=yes",DO_bor=Manhattan,0.0126,0.585,0.66,5001
DO_bor=Queens,PU_bor=Manhattan,0.0351,0.592,0.66,13991
"DO_bor=Queens, rush=yes",PU_bor=Manhattan,0.0067,0.549,0.61,2683
DO_bor=Brooklyn,PU_bor=Manhattan,0.0223,0.534,0.59,8873
PU_bor=Queens,DO_bor=Manhattan,0.041,0.523,0.59,16322
"PU=JFK Airport, PU_bor=Queens, rush=yes",DO_bor=Manhattan,0.005,0.503,0.57,1996
"PU=JFK Airport, rush=yes",DO_bor=Manhattan,0.005,0.503,0.57,1996
"PU_bor=Queens, weekend=yes",DO_bor=Manhattan,0.0091,0.497,0.56,3620
"PU=JFK Airport, PU_bor=Queens",DO_bor=Manhattan,0.0169,0.435,0.49,6747
PU=JFK Airport,DO_bor=Manhattan,0.0169,0.435,0.49,6747
